Height(cm),Gender,Age
173,Male,26
164,Male,56
163,Male,26
171,Male,64
160,Male,78
165,Male,36
162,Male,22
171,Male,40
152,Male,73
169,Male,72
166,Male,72
176,Male,28
168,Male,34
155,Male,44
163,Male,53
158,Male,39
160,Male,37
154,Male,33
164,Male,53
162,Male,72
171,Male,24
173,Male,74
171,Male,59
162,Male,35
157,Male,27
170,Male,69
162,Male,69
172,Male,51
176,Male,20
167,Male,43
171,Male,76
168,Male,40
166,Male,37
162,Male,56
157,Male,74
167,Male,56
154,Male,32
168,Male,65
170,Male,54
176,Male,56
168,Male,52
170,Male,68
174,Male,77
152,Male,31
168,Male,28
162,Male,77
167,Male,37
179,Male,47
153,Male,47
159,Male,35
176,Male,51
153,Male,58
169,Male,41
164,Male,63
167,Male,64
169,Male,60
167,Male,75
173,Male,52
164,Male,25
165,Male,72
162,Male,54
166,Male,40
155,Male,37
177,Male,28
157,Male,72
162,Male,46
152,Male,49
158,Male,36
155,Male,55
171,Male,26
160,Male,59
161,Male,53
159,Male,52
167,Male,28
160,Male,54
164,Male,39
165,Male,26
173,Male,22
166,Male,40
153,Male,44
162,Male,62
170,Male,18
158,Male,31
171,Male,25
169,Male,76
163,Male,30
166,Male,39
159,Male,78
163,Male,78
153,Male,46
156,Male,70
165,Male,27
158,Male,58
164,Male,76
165,Male,59
167,Male,68
162,Male,52
171,Male,41
179,Male,51
162,Male,52
158,Male,62
155,Male,62
160,Male,42
168,Male,46
160,Male,28
159,Male,30
157,Male,77
175,Male,37
174,Male,29
169,Male,26
169,Male,27
177,Male,57
164,Male,28
155,Male,62
165,Male,36
167,Male,58
165,Male,45
164,Male,18
168,Male,25
159,Male,58
173,Male,65
173,Male,55
165,Male,49
165,Male,25
165,Male,67
160,Male,33
178,Male,54
168,Male,54
158,Male,37
165,Male,66
165,Male,66
169,Male,53
149,Male,19
154,Male,68
168,Male,35
167,Male,21
149,Male,25
156,Male,76
159,Male,30
166,Male,45
160,Male,50
177,Male,42
164,Male,25
172,Male,40
164,Male,37
163,Male,37
170,Male,27
160,Male,53
171,Male,43
159,Male,33
167,Male,50
157,Male,35
165,Male,27
160,Male,46
169,Male,71
158,Male,45
153,Male,78
172,Male,45
162,Male,20
162,Male,19
157,Male,26
161,Male,41
160,Male,76
153,Male,30
178,Male,49
168,Male,75
167,Male,29
176,Male,43
160,Male,37
166,Male,26
159,Male,57
172,Male,70
152,Male,52
162,Male,20
170,Male,46
150,Male,37
175,Male,32
157,Male,67
163,Male,57
166,Male,76
152,Male,18
164,Male,35
167,Male,26
163,Male,25
163,Male,55
174,Male,61
164,Male,74
165,Male,23
153,Male,32
154,Male,18
165,Male,32
171,Male,47
164,Male,38
171,Male,64
164,Male,57
153,Male,27
162,Male,26
157,Male,40
163,Male,35
176,Male,39
153,Male,32
163,Male,64
164,Male,18
162,Male,25
164,Male,37
170,Male,63
170,Male,35
154,Male,20
161,Male,39
167,Male,66
168,Male,47
163,Male,53
158,Male,74
168,Male,55
165,Male,30
169,Male,56
163,Male,38
162,Male,39
158,Male,52
169,Male,78
157,Male,31
159,Male,31
169,Male,77
169,Male,71
157,Male,70
172,Male,63
146,Male,73
173,Male,21
161,Male,66
149,Male,42
162,Male,48
151,Male,47
160,Male,64
170,Male,40
168,Male,64
162,Male,65
162,Male,75
164,Male,45
164,Male,50
165,Male,71
168,Male,63
163,Male,19
153,Male,34
166,Male,63
164,Male,76
159,Male,69
165,Male,24
164,Male,25
158,Male,60
156,Male,75
169,Male,49
157,Male,41
159,Male,74
164,Male,38
165,Male,71
171,Male,42
168,Male,22
174,Male,43
163,Male,63
164,Male,56
160,Male,70
170,Male,73
160,Male,22
146,Male,48
165,Male,22
162,Male,41
157,Male,58
165,Male,42
158,Male,56
179,Male,54
166,Male,41
158,Male,32
169,Male,76
157,Male,53
168,Male,31
163,Male,19
170,Male,49
160,Male,54
151,Male,39
176,Male,34
153,Male,75
168,Male,52
146,Male,29
170,Male,35
172,Male,25
163,Male,74
172,Male,20
161,Male,61
168,Male,23
163,Male,63
161,Male,49
154,Male,76
176,Male,51
155,Male,34
171,Male,72
169,Male,45
169,Male,71
173,Male,49
166,Male,45
153,Male,74
164,Male,75
167,Male,26
169,Male,31
170,Male,67
166,Male,21
172,Male,39
154,Male,71
162,Male,55
160,Male,71
173,Male,28
166,Male,57
160,Male,42
172,Male,39
177,Male,20
170,Male,59
171,Male,51
158,Male,74
164,Male,25
172,Male,40
168,Male,68
158,Male,69
161,Male,69
160,Male,71
160,Male,22
162,Male,56
164,Male,70
150,Male,46
168,Male,78
154,Male,64
165,Male,67
162,Male,39
168,Male,53
162,Male,23
164,Male,24
157,Male,74
168,Male,64
165,Male,53
173,Male,22
161,Male,52
173,Male,66
161,Male,45
167,Male,45
159,Male,62
170,Male,67
163,Male,46
182,Male,62
168,Male,18
158,Male,68
172,Male,26
161,Male,18
155,Male,19
148,Male,46
158,Male,45
154,Male,52
163,Male,43
150,Male,47
168,Male,58
154,Male,33
161,Male,43
173,Male,37
165,Male,34
157,Male,18
170,Male,52
163,Male,22
156,Male,31
159,Male,29
162,Male,59
154,Male,64
159,Male,49
158,Male,21
162,Male,34
159,Male,76
159,Male,68
154,Male,39
174,Male,52
153,Male,38
168,Male,27
166,Male,58
149,Male,70
160,Male,65
177,Male,73
158,Male,29
164,Male,44
164,Male,49
159,Male,66
156,Male,59
172,Male,59
152,Male,45
166,Male,36
167,Male,38
151,Male,60
153,Male,65
168,Male,20
160,Male,64
165,Male,22
159,Male,56
149,Male,67
167,Male,37
154,Male,78
168,Male,68
161,Male,27
167,Male,44
173,Male,34
161,Male,38
151,Male,59
156,Male,59
152,Male,20
159,Male,66
165,Male,24
173,Male,46
168,Male,51
152,Male,49
155,Male,44
158,Male,35
164,Male,47
167,Male,70
154,Male,66
158,Male,69
152,Male,76
165,Male,47
168,Male,73
167,Male,20
168,Male,29
158,Male,26
173,Male,64
162,Male,62
157,Male,20
158,Male,56
152,Male,21
166,Male,37
167,Male,34
164,Male,68
157,Male,29
165,Male,48
173,Male,35
175,Male,22
169,Male,51
176,Male,75
173,Male,43
157,Male,69
162,Male,53
159,Male,74
170,Male,39
159,Male,19
156,Male,67
166,Male,56
152,Male,30
167,Male,18
166,Male,38
159,Male,26
173,Male,44
149,Male,76
141,Male,62
160,Male,19
161,Male,23
171,Male,40
166,Male,46
174,Male,67
169,Male,49
176,Male,49
165,Male,27
162,Male,54
162,Male,26
169,Male,24
159,Male,21
160,Male,40
152,Male,46
164,Male,27
170,Male,53
158,Male,70
164,Male,68
161,Male,78
160,Male,74
147,Male,48
171,Male,26
156,Male,44
167,Male,18
170,Male,24
156,Male,35
172,Male,69
156,Male,49
134,Male,60
170,Male,34
153,Male,48
169,Male,46
174,Male,28
160,Male,69
167,Male,67
153,Male,66
174,Male,26
149,Male,26
166,Male,22
155,Male,20
167,Male,64
154,Male,33
162,Male,26
169,Male,59
175,Male,24
175,Male,41
159,Male,20
161,Male,33
164,Male,62
164,Male,48
157,Male,67
168,Male,48
165,Male,45
162,Male,74
152,Male,45
166,Male,39
161,Male,44
161,Male,41
152,Male,37
165,Male,30
160,Male,44
170,Male,40
161,Male,38
171,Male,22
168,Male,51
164,Male,52
173,Male,70
171,Male,34
160,Male,45
167,Male,48
161,Male,73
166,Male,34
156,Male,67
167,Male,40
160,Male,21
166,Male,34
168,Male,42
182,Male,29
176,Male,32
168,Male,60
175,Male,69
158,Male,73
158,Male,56
159,Male,28
156,Male,39
166,Male,22
169,Male,35
163,Male,37
161,Male,18
158,Male,28
170,Male,53
151,Male,63
178,Male,46
167,Male,32
162,Male,49
172,Male,41
159,Male,65
162,Male,68
157,Male,40
158,Male,47
155,Male,33
157,Male,48
174,Male,62
159,Male,55
162,Male,31
152,Male,78
152,Male,39
150,Male,36
172,Male,47
149,Male,21
178,Male,26
158,Male,62
163,Male,77
164,Male,23
168,Male,30
152,Male,64
167,Male,75
158,Male,35
158,Male,22
161,Male,38
168,Male,32
160,Male,72
164,Male,25
164,Male,61
162,Male,28
166,Male,41
148,Male,42
176,Male,50
154,Male,46
161,Male,39
158,Male,19
155,Male,56
159,Male,57
166,Male,48
158,Male,50
166,Male,44
150,Male,67
171,Male,30
160,Male,20
161,Male,32
162,Male,25
158,Male,26
163,Male,19
165,Male,42
156,Male,46
155,Male,64
165,Male,73
168,Male,25
158,Male,56
170,Male,47
151,Male,57
162,Male,66
161,Male,64
163,Male,56
161,Male,60
166,Male,29
169,Male,53
155,Male,52
176,Male,68
162,Male,76
174,Male,68
163,Male,50
174,Male,58
161,Male,28
157,Male,39
165,Male,48
160,Male,29
164,Male,40
166,Male,51
161,Male,33
165,Male,46
171,Male,62
163,Male,75
163,Male,48
168,Male,33
161,Male,60
164,Male,37
159,Male,31
171,Male,74
160,Male,59
155,Male,56
161,Male,76
168,Male,71
154,Male,43
169,Male,25
172,Male,78
157,Male,64
172,Male,77
165,Male,25
165,Male,42
159,Male,62
175,Male,40
175,Male,47
170,Male,53
169,Male,37
168,Male,33
176,Male,60
157,Male,73
175,Male,18
149,Male,57
171,Male,45
165,Male,21
176,Male,34
172,Male,68
163,Male,58
161,Male,24
167,Male,70
161,Male,73
152,Male,22
165,Male,46
169,Male,51
167,Male,29
170,Male,21
160,Male,47
177,Male,44
169,Male,76
170,Male,55
161,Male,55
172,Male,39
159,Male,56
164,Male,33
157,Male,48
160,Male,65
172,Male,39
161,Male,56
161,Male,70
159,Male,19
160,Male,60
159,Male,64
173,Male,57
162,Male,63
172,Male,24
161,Male,69
159,Male,74
166,Male,39
157,Male,46
164,Male,39
158,Male,62
163,Male,26
153,Male,45
160,Male,62
167,Male,26
177,Male,25
163,Male,18
169,Male,73
164,Male,64
156,Male,59
158,Male,56
166,Male,75
157,Male,22
160,Male,31
155,Male,69
174,Male,28
163,Male,44
160,Male,74
167,Male,41
162,Male,25
172,Male,36
172,Male,43
162,Male,65
156,Male,75
159,Male,31
165,Male,28
164,Male,60
163,Male,34
163,Male,42
159,Male,33
178,Male,28
156,Male,57
146,Male,36
164,Male,32
163,Male,47
164,Male,45
149,Male,65
161,Male,54
162,Male,46
164,Male,23
158,Male,76
161,Male,19
165,Male,59
164,Male,28
164,Male,66
161,Male,44
169,Male,78
173,Male,26
156,Male,76
163,Male,68
154,Male,75
164,Male,70
169,Male,21
171,Male,60
166,Male,22
181,Male,27
154,Male,21
175,Male,78
155,Male,40
155,Male,58
162,Male,71
163,Male,44
165,Male,56
161,Male,24
176,Male,49
167,Male,48
153,Male,63
160,Male,48
161,Male,76
170,Male,23
160,Male,40
156,Male,59
163,Male,38
171,Male,44
165,Male,63
150,Male,65
161,Male,49
166,Male,73
159,Male,55
168,Male,65
168,Male,34
162,Male,23
164,Male,27
164,Male,78
160,Male,19
163,Male,51
163,Male,69
171,Male,38
166,Male,57
159,Male,54
163,Male,63
172,Male,69
159,Male,39
159,Male,60
163,Male,77
164,Male,45
147,Male,75
154,Male,58
163,Male,27
164,Male,46
164,Male,61
163,Male,58
162,Male,44
167,Male,35
162,Male,24
161,Male,27
172,Male,68
164,Male,69
169,Male,19
169,Male,58
166,Male,63
167,Male,50
181,Male,33
164,Male,77
174,Male,61
168,Male,35
166,Male,20
153,Male,72
158,Male,76
161,Male,31
163,Male,37
171,Male,47
162,Male,23
170,Male,51
150,Male,55
155,Male,38
156,Male,31
167,Male,43
158,Male,74
174,Male,41
161,Male,56
160,Male,35
165,Male,78
158,Male,72
169,Male,59
158,Male,40
177,Male,65
164,Male,51
169,Male,26
164,Male,73
161,Male,65
178,Male,60
166,Male,28
168,Male,77
170,Male,63
167,Male,26
170,Male,24
160,Male,35
162,Male,60
162,Male,47
176,Male,49
167,Male,23
155,Male,44
159,Male,65
181,Male,32
158,Male,65
162,Male,36
157,Male,62
158,Male,35
172,Male,46
166,Male,71
176,Male,41
168,Male,53
159,Male,75
165,Male,35
157,Male,75
149,Male,75
158,Male,39
177,Male,76
162,Male,24
167,Male,38
164,Male,18
168,Male,54
158,Male,61
161,Male,59
171,Male,47
156,Male,71
162,Male,36
172,Male,74
168,Male,22
161,Male,46
169,Male,29
165,Male,64
169,Male,77
160,Male,64
155,Male,20
159,Male,27
162,Male,46
159,Male,64
159,Male,67
160,Male,27
156,Male,36
156,Male,33
169,Male,36
159,Male,74
165,Male,39
168,Male,74
161,Male,57
162,Male,25
167,Male,34
164,Male,68
161,Male,28
154,Male,60
147,Male,36
162,Male,35
171,Male,30
170,Male,51
170,Male,28
166,Male,46
161,Male,70
166,Male,78
164,Male,19
170,Male,43
175,Male,76
171,Male,47
164,Male,65
174,Male,40
155,Male,51
160,Male,31
157,Male,63
165,Male,69
167,Male,33
156,Male,38
159,Male,42
166,Male,23
174,Male,75
158,Male,25
163,Male,43
159,Male,50
170,Male,48
155,Male,66
170,Male,20
164,Male,61
162,Male,21
158,Male,36
164,Male,46
167,Male,73
153,Male,71
166,Male,63
161,Male,60
168,Male,66
168,Male,57
157,Male,72
173,Male,69
164,Male,43
167,Male,47
165,Male,59
162,Male,38
158,Male,46
165,Male,73
166,Male,19
156,Male,43
159,Male,44
170,Male,76
172,Male,50
162,Male,66
162,Male,24
155,Male,75
170,Male,60
159,Male,56
166,Male,19
166,Male,57
164,Male,43
178,Male,22
159,Male,77
161,Male,66
173,Male,44
173,Male,78
160,Male,56
162,Male,78
156,Male,23
172,Male,74
174,Male,36
150,Male,60
167,Male,20
161,Male,70
170,Male,34
157,Male,41
164,Male,53
156,Male,76
168,Male,73
161,Male,22
167,Male,47
160,Male,75
166,Male,63
159,Male,37
156,Male,63
165,Male,72
149,Male,34
172,Male,40
184,Male,24
173,Male,66
168,Male,52
170,Male,42
169,Male,46
165,Male,39
166,Male,51
155,Male,70
164,Male,25
170,Male,50
152,Male,22
170,Male,34
164,Male,63
172,Male,43
167,Male,19
162,Male,63
150,Male,20
167,Male,19
159,Male,67
169,Male,65
151,Male,55
173,Male,65
170,Male,67
164,Male,49
155,Male,57
168,Male,41
166,Male,71
162,Male,48
160,Male,35
152,Male,42
155,Male,39
144,Male,36
155,Male,29
158,Male,23
154,Male,73
166,Male,65
171,Male,62
152,Male,71
173,Male,20
169,Male,72
166,Male,19
162,Male,58
164,Male,50
163,Male,57
166,Male,43
159,Male,32
171,Male,36
153,Male,66
168,Male,28
153,Male,74
169,Male,69
171,Male,60
166,Male,32
167,Male,63
160,Male,21
169,Male,47
159,Male,75
155,Male,76
175,Male,52
170,Male,71
173,Male,38
156,Male,27
168,Male,66
162,Male,47
179,Male,55
170,Male,48
167,Male,75
171,Male,73
152,Male,23
160,Male,44
173,Male,29
161,Male,54
167,Male,63
159,Male,31
153,Male,72
164,Male,71
162,Male,27
165,Male,24
164,Male,25
168,Male,24
165,Male,26
169,Male,40
163,Male,76
168,Male,47
159,Male,60
171,Male,49
165,Male,74
158,Male,68
159,Male,58
173,Male,36
151,Male,58
162,Male,27
166,Male,22
158,Male,41
177,Male,68
169,Male,61
157,Male,63
154,Male,18
168,Male,76
154,Male,22
151,Male,61
167,Male,35
163,Male,24
160,Male,42
162,Male,24
166,Male,35
158,Male,75
169,Male,21
167,Male,58
176,Male,72
172,Male,71
179,Male,23
160,Male,69
154,Male,37
162,Male,63
170,Male,61
171,Male,37
154,Male,46
162,Male,36
168,Male,29
153,Male,37
153,Male,70
165,Male,73
158,Male,59
161,Male,46
158,Male,62
158,Male,54
177,Male,27
166,Male,51
168,Male,32
161,Male,52
148,Male,71
167,Male,40
166,Male,63
161,Male,20
156,Male,20
155,Male,32
161,Male,62
175,Male,38
163,Male,55
173,Male,74
152,Male,67
163,Male,43
162,Male,66
157,Male,59
166,Male,23
162,Male,46
161,Male,24
166,Male,62
166,Male,64
160,Male,59
161,Male,23
169,Male,66
160,Male,35
168,Male,36
166,Male,22
152,Male,76
167,Male,55
164,Male,42
163,Male,33
175,Male,72
151,Male,72
139,Male,37
168,Male,37
158,Male,74
161,Male,46
158,Male,49
153,Male,27
163,Male,19
160,Male,23
173,Male,52
160,Male,68
167,Male,40
156,Male,21
161,Male,54
161,Male,35
150,Male,37
168,Male,68
163,Male,34
153,Male,27
156,Male,66
156,Male,70
170,Male,36
161,Male,68
157,Male,21
163,Male,68
152,Male,33
170,Male,56
166,Male,35
175,Male,20
168,Male,56
151,Male,18
162,Male,30
162,Male,61
154,Male,66
154,Male,26
159,Male,67
181,Male,70
160,Male,46
157,Male,74
168,Male,66
160,Male,28
171,Male,24
173,Male,30
160,Male,47
157,Male,60
157,Male,76
169,Male,41
157,Male,50
167,Male,49
169,Male,63
168,Male,54
169,Male,29
177,Male,53
174,Male,36
154,Male,78
169,Male,52
162,Male,44
169,Male,70
156,Male,30
161,Male,74
162,Male,68
158,Male,65
170,Male,25
153,Male,26
167,Male,52
158,Male,50
160,Male,76
166,Male,52
165,Male,58
184,Male,31
168,Male,34
167,Male,64
165,Male,72
167,Male,39
152,Male,61
164,Male,62
167,Male,32
156,Male,37
165,Male,69
174,Male,72
159,Male,57
162,Male,46
163,Male,76
163,Male,20
157,Male,77
166,Male,36
157,Male,31
172,Male,27
161,Male,55
155,Male,75
164,Male,49
164,Male,76
173,Male,42
153,Male,40
174,Male,72
181,Male,21
179,Male,55
156,Male,45
153,Male,25
166,Male,41
169,Male,40
155,Male,76
161,Male,51
160,Male,61
165,Male,53
176,Male,48
156,Male,75
156,Male,57
159,Male,56
151,Male,64
168,Male,31
166,Male,28
162,Male,37
162,Male,64
153,Male,69
171,Male,33
166,Male,55
155,Male,38
170,Male,42
182,Male,34
162,Male,42
170,Male,76
164,Male,22
170,Male,47
160,Male,68
159,Male,20
167,Male,72
164,Male,39
160,Male,49
164,Male,52
159,Male,19
163,Male,55
170,Male,19
177,Male,40
160,Male,36
160,Male,54
177,Male,50
162,Male,38
173,Male,57
167,Male,29
178,Male,68
178,Male,45
164,Male,47
156,Male,69
160,Male,47
160,Male,70
168,Male,73
150,Male,24
156,Male,32
166,Male,40
164,Male,65
159,Male,28
158,Male,62
173,Male,76
160,Male,45
165,Male,31
160,Male,78
163,Male,59
170,Male,49
161,Male,59
156,Male,55
173,Male,39
166,Male,36
179,Male,72
170,Male,78
168,Male,69
166,Male,53
177,Male,23
165,Male,62
184,Male,63
168,Male,74
171,Male,32
162,Male,40
164,Male,57
162,Male,64
160,Male,43
156,Male,34
153,Male,24
152,Male,77
168,Male,64
168,Male,40
166,Male,70
164,Male,44
158,Male,51
171,Male,71
162,Male,48
157,Male,65
165,Male,52
158,Male,31
171,Male,74
155,Male,29
166,Male,74
151,Male,72
170,Male,66
165,Male,72
169,Male,75
164,Male,27
152,Male,32
165,Male,53
158,Male,33
162,Male,65
171,Male,37
172,Male,34
151,Male,21
164,Male,33
174,Male,39
168,Male,50
163,Male,68
162,Male,28
153,Male,78
161,Male,57
147,Male,65
164,Male,51
167,Male,27
161,Male,55
165,Male,46
148,Male,64
152,Male,39
153,Male,48
164,Male,31
180,Male,28
165,Male,22
159,Male,51
163,Male,36
158,Male,72
182,Male,73
176,Male,26
171,Male,74
172,Male,39
164,Male,28
172,Male,50
169,Male,46
174,Male,70
166,Male,63
163,Male,62
156,Male,23
153,Male,32
154,Male,32
154,Male,56
169,Male,62
150,Male,59
165,Male,44
151,Male,42
163,Male,20
155,Male,62
167,Male,35
158,Male,49
169,Male,66
159,Male,20
162,Male,39
149,Male,75
164,Male,62
162,Male,58
166,Male,29
152,Male,47
163,Male,27
176,Male,24
157,Male,35
151,Male,34
155,Male,32
157,Male,48
153,Male,52
159,Male,48
164,Male,43
174,Male,47
168,Male,48
168,Male,50
159,Male,50
173,Male,67
157,Male,45
171,Male,37
162,Male,53
151,Male,69
173,Male,75
168,Male,61
165,Male,27
159,Male,65
165,Male,18
172,Male,29
164,Male,28
152,Male,43
161,Male,20
173,Male,65
164,Male,53
160,Male,64
166,Male,39
176,Male,57
165,Male,69
161,Male,76
163,Male,63
168,Male,50
157,Male,29
162,Male,70
150,Male,63
164,Male,67
161,Male,38
151,Male,21
162,Male,37
156,Male,35
160,Male,56
178,Male,24
166,Male,40
171,Male,68
159,Male,50
161,Male,64
170,Male,25
163,Male,73
160,Male,30
158,Male,18
170,Male,42
175,Male,45
173,Male,78
158,Male,57
168,Male,34
174,Male,71
165,Male,21
154,Male,38
166,Male,22
165,Male,28
155,Male,44
166,Male,65
163,Male,22
179,Male,26
177,Male,71
160,Male,68
163,Male,56
157,Male,23
161,Male,40
157,Male,37
160,Male,49
150,Male,56
162,Male,56
159,Male,60
161,Male,46
159,Male,41
161,Male,68
165,Male,35
166,Male,47
155,Male,54
164,Male,42
164,Male,77
158,Male,31
177,Male,70
161,Male,54
161,Male,21
160,Male,52
164,Male,47
163,Male,45
159,Male,65
151,Male,68
167,Male,61
157,Male,25
176,Male,77
156,Male,77
163,Male,37
157,Male,20
162,Male,61
149,Male,29
160,Male,70
155,Male,72
153,Male,68
163,Male,22
153,Male,47
166,Male,29
155,Male,43
155,Male,28
171,Male,53
166,Male,56
157,Male,40
150,Male,68
161,Male,58
159,Male,78
157,Male,77
169,Male,65
165,Male,73
154,Male,71
176,Male,19
169,Male,23
162,Male,75
173,Male,37
161,Male,75
166,Male,34
159,Male,62
161,Male,38
154,Male,27
158,Male,18
165,Male,35
168,Male,61
179,Male,47
155,Male,57
155,Male,74
161,Male,40
164,Male,51
168,Male,73
169,Male,18
169,Male,70
172,Male,48
157,Male,62
160,Male,65
159,Male,40
159,Male,58
162,Male,61
168,Male,71
170,Male,34
163,Male,70
151,Male,69
159,Male,73
171,Male,40
179,Male,37
167,Male,19
165,Male,64
164,Male,23
175,Male,74
168,Male,44
163,Male,18
160,Male,29
168,Male,40
166,Male,56
168,Male,65
154,Male,71
160,Male,50
174,Male,63
165,Male,65
157,Male,71
169,Male,51
147,Male,65
155,Male,41
164,Male,35
154,Male,66
168,Male,69
152,Male,68
165,Male,18
161,Male,63
172,Male,23
168,Male,74
161,Male,18
162,Male,20
168,Male,26
157,Male,24
170,Male,53
177,Male,62
153,Male,76
162,Male,63
161,Male,58
170,Male,69
156,Male,40
166,Male,33
161,Male,35
157,Male,77
158,Male,50
163,Male,45
157,Male,23
158,Male,40
157,Male,49
168,Male,48
159,Male,60
184,Male,20
167,Male,36
159,Male,57
166,Male,78
173,Male,45
167,Male,59
160,Male,54
161,Male,52
157,Male,47
162,Male,44
163,Male,45
156,Male,28
160,Male,32
162,Male,23
166,Male,62
165,Male,73
167,Male,78
161,Male,41
160,Male,34
156,Male,60
165,Male,56
164,Male,49
158,Male,35
155,Male,29
174,Male,31
160,Male,25
172,Male,34
165,Male,58
151,Male,36
165,Male,24
154,Male,47
174,Male,40
164,Male,25
159,Male,59
172,Male,78
169,Male,54
155,Male,39
179,Male,58
156,Male,69
156,Male,25
159,Male,24
154,Male,64
161,Male,24
171,Male,29
156,Male,49
161,Male,67
162,Male,73
166,Male,67
164,Male,69
167,Male,28
178,Male,27
152,Male,51
164,Male,62
162,Male,28
167,Male,43
166,Male,35
154,Male,74
161,Male,65
151,Male,48
167,Male,29
166,Male,34
171,Male,59
173,Male,25
153,Male,55
175,Male,78
161,Male,22
164,Male,72
164,Male,59
169,Male,30
168,Male,32
160,Male,43
161,Male,33
175,Male,60
161,Male,74
166,Male,65
163,Male,22
164,Male,72
165,Male,33
157,Male,26
165,Male,37
155,Male,55
156,Male,26
172,Male,37
160,Male,74
158,Male,44
159,Male,42
155,Male,47
152,Male,22
173,Male,74
168,Male,68
154,Male,76
149,Male,63
164,Male,48
164,Male,48
173,Male,18
172,Male,73
174,Male,42
161,Male,52
164,Male,67
168,Male,47
170,Male,60
166,Male,33
170,Male,23
161,Male,41
169,Male,69
164,Male,34
169,Male,18
167,Male,31
170,Male,25
166,Male,26
170,Male,25
167,Male,74
161,Male,42
162,Male,59
159,Male,25
169,Male,35
172,Male,19
166,Male,26
161,Male,72
162,Male,38
164,Male,25
166,Male,45
168,Male,50
176,Male,63
174,Male,36
160,Male,53
168,Male,62
179,Male,20
172,Male,41
159,Male,58
168,Male,46
159,Male,60
166,Male,62
166,Male,20
165,Male,19
171,Male,34
161,Male,21
157,Male,59
173,Male,63
160,Male,46
164,Male,28
172,Male,30
157,Male,45
163,Male,61
173,Male,58
167,Male,38
161,Male,74
164,Male,34
167,Male,64
172,Male,43
154,Male,64
168,Male,28
165,Male,64
165,Male,45
162,Male,71
153,Male,37
178,Male,61
172,Male,73
167,Male,59
159,Male,45
166,Male,57
152,Male,67
174,Male,65
166,Male,21
170,Male,45
172,Male,39
176,Male,70
156,Male,21
152,Male,26
174,Male,51
173,Male,49
159,Female,22
160,Female,70
142,Female,43
155,Female,32
154,Female,47
152,Female,27
148,Female,20
151,Female,23
146,Female,18
147,Female,71
151,Female,53
150,Female,49
140,Female,67
149,Female,54
148,Female,25
153,Female,65
143,Female,27
161,Female,55
129,Female,44
157,Female,56
162,Female,64
151,Female,68
160,Female,44
139,Female,30
145,Female,62
147,Female,60
162,Female,41
146,Female,48
142,Female,38
144,Female,77
156,Female,23
160,Female,64
140,Female,54
154,Female,54
165,Female,36
141,Female,28
143,Female,44
166,Female,60
139,Female,64
152,Female,25
141,Female,65
154,Female,75
145,Female,60
153,Female,25
158,Female,70
127,Female,25
143,Female,65
152,Female,38
157,Female,27
158,Female,29
149,Female,46
139,Female,38
150,Female,27
158,Female,27
145,Female,76
149,Female,53
148,Female,68
156,Female,51
156,Female,70
153,Female,32
145,Female,39
147,Female,76
149,Female,59
152,Female,29
146,Female,77
162,Female,76
144,Female,36
154,Female,21
169,Female,54
155,Female,36
161,Female,52
143,Female,44
146,Female,75
150,Female,47
159,Female,30
146,Female,44
140,Female,19
141,Female,49
149,Female,73
154,Female,68
146,Female,77
151,Female,72
160,Female,20
145,Female,27
151,Female,61
141,Female,25
144,Female,61
165,Female,54
143,Female,41
152,Female,55
156,Female,62
150,Female,33
146,Female,46
155,Female,78
153,Female,21
151,Female,59
153,Female,70
151,Female,24
148,Female,70
132,Female,31
150,Female,55
152,Female,73
152,Female,71
161,Female,34
145,Female,38
142,Female,43
148,Female,35
144,Female,19
162,Female,75
148,Female,18
159,Female,73
151,Female,74
161,Female,19
139,Female,56
150,Female,28
156,Female,62
150,Female,26
157,Female,59
151,Female,46
153,Female,70
147,Female,20
158,Female,61
152,Female,39
143,Female,51
150,Female,73
141,Female,22
148,Female,40
149,Female,27
150,Female,37
154,Female,26
164,Female,48
148,Female,65
155,Female,71
164,Female,74
140,Female,75
141,Female,18
144,Female,28
160,Female,35
151,Female,57
150,Female,23
152,Female,77
140,Female,71
153,Female,74
158,Female,37
148,Female,39
154,Female,66
157,Female,78
149,Female,56
152,Female,39
156,Female,41
151,Female,22
148,Female,74
143,Female,32
144,Female,20
158,Female,45
144,Female,24
148,Female,20
155,Female,43
165,Female,56
141,Female,64
155,Female,40
162,Female,54
149,Female,61
159,Female,52
145,Female,67
146,Female,24
154,Female,49
145,Female,61
155,Female,54
155,Female,47
155,Female,26
148,Female,64
161,Female,35
154,Female,44
154,Female,66
133,Female,41
163,Female,74
162,Female,55
139,Female,76
150,Female,18
154,Female,77
141,Female,31
141,Female,53
157,Female,22
161,Female,53
142,Female,34
155,Female,35
158,Female,49
142,Female,57
155,Female,70
143,Female,78
156,Female,23
147,Female,67
149,Female,52
155,Female,38
169,Female,76
150,Female,37
145,Female,42
152,Female,59
153,Female,33
152,Female,40
163,Female,24
153,Female,59
143,Female,18
143,Female,48
147,Female,23
141,Female,69
141,Female,36
154,Female,57
149,Female,39
150,Female,65
141,Female,72
159,Female,36
140,Female,66
148,Female,51
160,Female,66
136,Female,71
155,Female,64
153,Female,78
149,Female,51
148,Female,19
156,Female,64
156,Female,41
146,Female,56
145,Female,54
145,Female,27
148,Female,60
145,Female,45
147,Female,49
151,Female,59
154,Female,54
152,Female,51
159,Female,59
152,Female,74
143,Female,70
153,Female,35
145,Female,28
140,Female,70
138,Female,62
155,Female,25
146,Female,63
145,Female,64
154,Female,59
139,Female,63
154,Female,42
142,Female,47
147,Female,50
167,Female,72
157,Female,67
150,Female,76
153,Female,50
156,Female,75
153,Female,44
160,Female,27
148,Female,41
156,Female,73
155,Female,33
155,Female,64
158,Female,51
147,Female,59
140,Female,39
159,Female,61
160,Female,35
145,Female,66
141,Female,59
137,Female,49
159,Female,77
147,Female,53
158,Female,74
148,Female,59
157,Female,21
140,Female,31
149,Female,55
159,Female,77
154,Female,29
148,Female,48
153,Female,38
139,Female,49
154,Female,32
154,Female,41
144,Female,23
153,Female,61
147,Female,77
151,Female,56
162,Female,57
154,Female,78
149,Female,26
148,Female,38
146,Female,31
149,Female,52
138,Female,34
147,Female,41
141,Female,35
158,Female,54
147,Female,22
145,Female,52
159,Female,20
151,Female,34
156,Female,54
158,Female,30
162,Female,48
149,Female,36
148,Female,52
144,Female,27
153,Female,42
143,Female,53
145,Female,23
157,Female,19
147,Female,20
144,Female,78
143,Female,57
145,Female,43
162,Female,20
151,Female,68
155,Female,33
135,Female,45
153,Female,76
145,Female,23
150,Female,37
140,Female,38
154,Female,45
152,Female,46
156,Female,69
161,Female,50
147,Female,75
148,Female,29
166,Female,56
148,Female,38
153,Female,23
146,Female,63
159,Female,45
158,Female,47
153,Female,43
143,Female,63
148,Female,52
141,Female,31
150,Female,57
139,Female,20
159,Female,32
162,Female,42
151,Female,38
141,Female,69
147,Female,43
156,Female,29
135,Female,47
144,Female,69
146,Female,45
152,Female,34
139,Female,20
150,Female,52
151,Female,43
146,Female,22
145,Female,60
158,Female,74
139,Female,21
143,Female,38
149,Female,27
146,Female,35
161,Female,75
154,Female,41
159,Female,77
154,Female,77
143,Female,45
150,Female,71
140,Female,54
157,Female,37
151,Female,47
145,Female,27
149,Female,27
139,Female,64
153,Female,29
148,Female,74
144,Female,78
155,Female,41
139,Female,29
154,Female,46
149,Female,41
154,Female,44
150,Female,54
152,Female,29
155,Female,43
140,Female,18
150,Female,59
152,Female,78
154,Female,50
151,Female,69
158,Female,36
161,Female,18
143,Female,22
155,Female,19
154,Female,32
145,Female,61
149,Female,26
158,Female,66
135,Female,40
151,Female,75
159,Female,71
155,Female,36
161,Female,36
156,Female,23
158,Female,35
157,Female,43
144,Female,68
149,Female,19
150,Female,51
151,Female,27
160,Female,35
144,Female,60
147,Female,75
144,Female,19
154,Female,45
141,Female,19
145,Female,66
141,Female,77
161,Female,39
157,Female,18
146,Female,73
163,Female,48
147,Female,65
143,Female,78
157,Female,53
149,Female,44
157,Female,42
151,Female,41
144,Female,43
153,Female,48
150,Female,58
142,Female,26
145,Female,25
158,Female,73
150,Female,63
151,Female,48
151,Female,55
150,Female,36
141,Female,55
146,Female,45
150,Female,22
140,Female,32
140,Female,59
146,Female,77
159,Female,76
155,Female,28
154,Female,43
151,Female,29
148,Female,57
142,Female,29
154,Female,50
159,Female,26
142,Female,76
146,Female,74
141,Female,74
159,Female,37
150,Female,26
156,Female,49
151,Female,47
160,Female,20
168,Female,78
155,Female,44
161,Female,51
157,Female,30
151,Female,76
151,Female,68
151,Female,23
150,Female,23
144,Female,30
157,Female,35
147,Female,63
148,Female,26
149,Female,36
152,Female,23
146,Female,21
151,Female,46
162,Female,37
147,Female,31
159,Female,32
150,Female,29
147,Female,56
143,Female,41
151,Female,76
148,Female,46
147,Female,78
148,Female,19
151,Female,63
160,Female,30
147,Female,55
149,Female,33
151,Female,70
146,Female,70
148,Female,64
151,Female,75
147,Female,25
156,Female,60
151,Female,78
164,Female,26
140,Female,26
152,Female,57
159,Female,48
148,Female,28
146,Female,60
152,Female,36
146,Female,64
151,Female,46
148,Female,60
154,Female,71
158,Female,40
146,Female,34
159,Female,37
152,Female,22
159,Female,78
148,Female,67
147,Female,60
155,Female,26
136,Female,52
142,Female,69
150,Female,39
148,Female,75
146,Female,33
150,Female,64
141,Female,74
156,Female,19
148,Female,58
144,Female,51
160,Female,36
159,Female,18
144,Female,41
146,Female,75
151,Female,66
146,Female,64
155,Female,18
148,Female,74
149,Female,28
143,Female,73
151,Female,55
150,Female,50
153,Female,42
146,Female,61
155,Female,67
150,Female,40
145,Female,53
149,Female,72
145,Female,62
153,Female,69
145,Female,57
149,Female,52
141,Female,41
144,Female,43
146,Female,28
156,Female,25
152,Female,37
150,Female,25
143,Female,39
144,Female,23
153,Female,60
167,Female,34
148,Female,19
157,Female,29
159,Female,74
158,Female,76
156,Female,23
151,Female,60
147,Female,38
151,Female,21
159,Female,71
152,Female,44
137,Female,24
137,Female,42
151,Female,41
158,Female,22
159,Female,71
149,Female,47
148,Female,62
150,Female,24
148,Female,69
155,Female,37
153,Female,42
147,Female,45
142,Female,45
156,Female,45
138,Female,72
150,Female,32
143,Female,55
149,Female,43
147,Female,32
146,Female,18
142,Female,42
146,Female,46
140,Female,78
151,Female,36
146,Female,61
137,Female,77
150,Female,78
145,Female,62
150,Female,52
144,Female,58
147,Female,53
150,Female,26
154,Female,50
154,Female,56
154,Female,71
141,Female,45
151,Female,42
142,Female,34
146,Female,75
157,Female,51
153,Female,40
149,Female,65
166,Female,61
143,Female,45
162,Female,63
144,Female,65
135,Female,49
152,Female,48
158,Female,38
151,Female,52
159,Female,69
150,Female,37
156,Female,45
144,Female,60
146,Female,33
148,Female,26
156,Female,32
162,Female,25
151,Female,56
151,Female,56
141,Female,29
153,Female,71
152,Female,47
149,Female,49
161,Female,24
137,Female,41
146,Female,48
143,Female,78
156,Female,36
156,Female,24
157,Female,19
155,Female,35
149,Female,76
153,Female,23
156,Female,72
147,Female,60
150,Female,31
141,Female,74
147,Female,54
138,Female,67
155,Female,56
155,Female,26
153,Female,40
146,Female,75
150,Female,47
147,Female,69
151,Female,53
158,Female,69
151,Female,24
150,Female,68
146,Female,44
152,Female,72
146,Female,71
152,Female,30
157,Female,61
149,Female,26
150,Female,35
134,Female,68
148,Female,67
141,Female,36
137,Female,78
148,Female,75
155,Female,36
154,Female,74
144,Female,34
156,Female,42
144,Female,25
148,Female,71
140,Female,48
138,Female,46
154,Female,21
145,Female,32
151,Female,50
154,Female,52
147,Female,18
150,Female,31
148,Female,29
147,Female,42
152,Female,70
146,Female,23
149,Female,28
144,Female,51
147,Female,43
161,Female,75
156,Female,23
170,Female,62
150,Female,61
144,Female,27
148,Female,56
154,Female,33
144,Female,51
160,Female,18
153,Female,37
155,Female,28
145,Female,43
156,Female,70
149,Female,52
150,Female,54
156,Female,19
151,Female,77
150,Female,24
160,Female,66
146,Female,69
162,Female,60
153,Female,76
150,Female,32
160,Female,55
144,Female,64
153,Female,48
146,Female,62
143,Female,22
159,Female,55
155,Female,64
156,Female,56
144,Female,25
149,Female,74
155,Female,43
146,Female,21
157,Female,42
156,Female,27
143,Female,33
150,Female,78
138,Female,47
150,Female,76
161,Female,74
149,Female,69
139,Female,69
152,Female,65
147,Female,25
146,Female,36
152,Female,55
152,Female,74
151,Female,66
157,Female,21
152,Female,35
141,Female,50
155,Female,66
159,Female,71
137,Female,66
149,Female,48
146,Female,49
145,Female,38
147,Female,78
152,Female,65
141,Female,70
147,Female,74
150,Female,65
145,Female,34
148,Female,39
148,Female,44
142,Female,62
155,Female,48
149,Female,33
151,Female,37
129,Female,59
153,Female,62
155,Female,45
153,Female,22
153,Female,21
162,Female,68
153,Female,70
147,Female,43
158,Female,47
141,Female,67
157,Female,62
155,Female,43
146,Female,32
160,Female,38
155,Female,73
139,Female,46
155,Female,53
151,Female,19
140,Female,23
146,Female,40
139,Female,59
156,Female,74
144,Female,48
149,Female,51
149,Female,57
146,Female,77
150,Female,37
149,Female,45
156,Female,77
150,Female,52
140,Female,23
154,Female,46
144,Female,21
159,Female,33
145,Female,28
145,Female,26
165,Female,47
153,Female,70
150,Female,45
139,Female,51
156,Female,60
150,Female,64
147,Female,46
146,Female,58
150,Female,28
154,Female,64
150,Female,44
150,Female,75
145,Female,64
155,Female,46
158,Female,47
149,Female,38
153,Female,35
152,Female,73
155,Female,25
151,Female,73
156,Female,56
152,Female,56
150,Female,50
148,Female,25
147,Female,45
165,Female,37
147,Female,66
155,Female,69
155,Female,43
154,Female,67
157,Female,63
152,Female,35
157,Female,21
149,Female,48
157,Female,28
153,Female,46
145,Female,69
152,Female,66
136,Female,52
145,Female,62
155,Female,50
152,Female,56
145,Female,74
151,Female,53
144,Female,71
145,Female,63
134,Female,20
152,Female,30
139,Female,47
144,Female,24
144,Female,49
149,Female,72
149,Female,45
165,Female,46
145,Female,46
157,Female,59
154,Female,30
149,Female,74
147,Female,39
163,Female,53
150,Female,42
156,Female,47
152,Female,66
158,Female,71
163,Female,66
134,Female,52
154,Female,33
145,Female,27
147,Female,52
147,Female,48
154,Female,66
149,Female,49
160,Female,28
150,Female,70
138,Female,32
153,Female,49
145,Female,33
146,Female,61
147,Female,25
162,Female,63
157,Female,19
161,Female,66
145,Female,75
150,Female,33
159,Female,52
133,Female,23
156,Female,68
157,Female,55
144,Female,77
152,Female,75
147,Female,61
143,Female,66
157,Female,62
149,Female,19
160,Female,53
155,Female,31
155,Female,53
157,Female,67
140,Female,50
154,Female,42
163,Female,29
158,Female,44
152,Female,38
139,Female,29
155,Female,65
142,Female,37
142,Female,45
146,Female,42
146,Female,41
155,Female,56
156,Female,60
149,Female,74
150,Female,64
143,Female,68
146,Female,64
141,Female,78
149,Female,35
143,Female,38
149,Female,72
146,Female,46
146,Female,32
144,Female,23
156,Female,73
145,Female,51
141,Female,47
155,Female,18
131,Female,75
136,Female,59
151,Female,46
150,Female,78
149,Female,63
150,Female,21
142,Female,22
146,Female,73
149,Female,55
142,Female,61
147,Female,77
142,Female,43
156,Female,41
143,Female,31
151,Female,71
151,Female,59
144,Female,29
146,Female,43
158,Female,31
159,Female,50
149,Female,30
153,Female,28
151,Female,43
152,Female,51
147,Female,76
150,Female,22
147,Female,45
153,Female,33
133,Female,60
147,Female,19
156,Female,36
161,Female,20
158,Female,63
135,Female,35
149,Female,61
145,Female,22
152,Female,21
144,Female,49
154,Female,54
154,Female,45
153,Female,75
156,Female,64
151,Female,61
156,Female,37
163,Female,47
155,Female,19
164,Female,45
151,Female,54
152,Female,59
154,Female,61
148,Female,21
144,Female,19
161,Female,40
166,Female,65
142,Female,55
150,Female,70
151,Female,51
143,Female,26
144,Female,38
142,Female,59
146,Female,30
158,Female,60
149,Female,44
152,Female,34
158,Female,59
164,Female,34
150,Female,31
159,Female,61
146,Female,70
166,Female,53
150,Female,70
147,Female,37
127,Female,23
150,Female,37
142,Female,40
151,Female,57
151,Female,38
157,Female,55
150,Female,38
157,Female,22
155,Female,42
151,Female,54
152,Female,38
144,Female,38
140,Female,58
146,Female,30
142,Female,24
147,Female,69
151,Female,41
146,Female,71
141,Female,60
162,Female,78
150,Female,69
154,Female,45
156,Female,73
146,Female,25
150,Female,76
152,Female,73
150,Female,77
149,Female,44
159,Female,23
149,Female,39
142,Female,43
152,Female,47
153,Female,74
156,Female,62
152,Female,43
155,Female,74
157,Female,45
153,Female,44
153,Female,31
135,Female,53
150,Female,66
160,Female,60
140,Female,36
143,Female,77
156,Female,35
144,Female,26
145,Female,36
153,Female,35
143,Female,18
159,Female,46
149,Female,45
152,Female,35
154,Female,77
154,Female,65
140,Female,35
138,Female,39
149,Female,60
142,Female,41
145,Female,59
150,Female,50
149,Female,58
141,Female,18
157,Female,55
144,Female,22
148,Female,28
141,Female,56
157,Female,20
151,Female,22
150,Female,60
154,Female,46
148,Female,60
146,Female,68
154,Female,20
151,Female,59
151,Female,54
146,Female,56
160,Female,44
155,Female,28
146,Female,39
148,Female,66
148,Female,76
157,Female,52
143,Female,70
154,Female,61
154,Female,71
164,Female,32
156,Female,49
147,Female,51
159,Female,27
144,Female,37
145,Female,47
146,Female,50
150,Female,74
143,Female,26
148,Female,76
156,Female,61
151,Female,52
147,Female,25
143,Female,33
146,Female,70
146,Female,24
159,Female,58
148,Female,71
159,Female,73
155,Female,33
161,Female,61
152,Female,42
155,Female,69
147,Female,42
150,Female,59
158,Female,74
150,Female,45
149,Female,24
146,Female,19
167,Female,61
151,Female,31
148,Female,41
154,Female,26
149,Female,24
140,Female,29
150,Female,29
159,Female,64
159,Female,53
145,Female,27
160,Female,34
146,Female,42
146,Female,71
138,Female,28
156,Female,28
148,Female,26
142,Female,21
162,Female,31
159,Female,50
147,Female,36
153,Female,76
148,Female,61
149,Female,43
153,Female,35
159,Female,64
143,Female,22
150,Female,66
150,Female,51
156,Female,27
155,Female,63
153,Female,52
144,Female,36
157,Female,42
153,Female,65
159,Female,48
148,Female,27
143,Female,36
142,Female,37
157,Female,19
142,Female,34
166,Female,20
142,Female,61
156,Female,40
153,Female,23
153,Female,51
151,Female,40
157,Female,22
158,Female,32
141,Female,52
144,Female,60
152,Female,50
158,Female,59
158,Female,27
156,Female,23
147,Female,22
143,Female,42
155,Female,39
144,Female,39
151,Female,33
159,Female,67
144,Female,51
137,Female,77
132,Female,33
165,Female,37
153,Female,72
151,Female,48
156,Female,54
159,Female,70
144,Female,59
156,Female,52
154,Female,37
144,Female,65
150,Female,44
149,Female,44
154,Female,33
154,Female,69
144,Female,46
158,Female,62
152,Female,60
148,Female,74
148,Female,55
150,Female,64
137,Female,70
149,Female,22
145,Female,23
151,Female,52
144,Female,63
142,Female,74
159,Female,59
152,Female,22
152,Female,43
164,Female,18
144,Female,38
146,Female,54
152,Female,48
160,Female,50
148,Female,75
142,Female,69
156,Female,73
149,Female,61
151,Female,61
153,Female,62
144,Female,69
139,Female,53
144,Female,45
160,Female,75
150,Female,60
160,Female,49
147,Female,31
151,Female,69
155,Female,40
152,Female,22
141,Female,23
142,Female,21
148,Female,64
152,Female,50
144,Female,23
155,Female,39
145,Female,32
150,Female,57
149,Female,20
151,Female,78
149,Female,49
147,Female,18
150,Female,64
162,Female,62
149,Female,37
153,Female,46
159,Female,69
154,Female,65
154,Female,66
149,Female,39
148,Female,55
154,Female,50
153,Female,75
134,Female,57
153,Female,76
156,Female,23
154,Female,76
157,Female,21
154,Female,68
153,Female,43
147,Female,48
139,Female,68
151,Female,60
153,Female,45
148,Female,18
150,Female,70
152,Female,68
157,Female,41
147,Female,37
155,Female,57
144,Female,69
153,Female,20
149,Female,69
157,Female,65
154,Female,23
132,Female,38
147,Female,24
160,Female,26
158,Female,73
143,Female,56
151,Female,22
151,Female,51
146,Female,77
145,Female,75
154,Female,70
153,Female,34
152,Female,26
151,Female,32
158,Female,55
159,Female,25
150,Female,62
162,Female,53
155,Female,72
154,Female,52
149,Female,50
154,Female,54
146,Female,38
150,Female,22
142,Female,40
147,Female,59
143,Female,74
152,Female,57
156,Female,40
153,Female,74
153,Female,39
147,Female,47
147,Female,72
151,Female,48
144,Female,71
146,Female,69
153,Female,75
153,Female,75
142,Female,73
165,Female,70
154,Female,43
143,Female,27
153,Female,75
164,Female,67
148,Female,47
148,Female,44
141,Female,52
135,Female,41
148,Female,76
148,Female,39
150,Female,68
155,Female,50
152,Female,75
140,Female,65
156,Female,22
148,Female,65
148,Female,59
148,Female,36
149,Female,69
153,Female,50
157,Female,26
160,Female,37
168,Female,76
144,Female,47
152,Female,57
143,Female,61
143,Female,77
139,Female,36
140,Female,29
147,Female,52
156,Female,36
147,Female,72
155,Female,51
146,Female,42
158,Female,31
153,Female,56
153,Female,69
152,Female,31
147,Female,75
149,Female,42
157,Female,56
164,Female,38
140,Female,57
144,Female,61
144,Female,29
154,Female,39
146,Female,19
164,Female,24
154,Female,51
157,Female,40
148,Female,72
156,Female,53
155,Female,27
153,Female,37
148,Female,74
151,Female,49
144,Female,45
147,Female,63
150,Female,66
157,Female,34
151,Female,73
145,Female,35
151,Female,55
155,Female,50
142,Female,49
158,Female,38
151,Female,47
144,Female,25
145,Female,58
141,Female,50
150,Female,56
157,Female,55
148,Female,30
149,Female,31
149,Female,43
156,Female,73
141,Female,76
151,Female,60
141,Female,34
150,Female,24
167,Female,44
137,Female,26
152,Female,77
150,Female,43
150,Female,73
148,Female,62
154,Female,48
153,Female,39
150,Female,38
149,Female,37
146,Female,26
159,Female,41
171,Female,29
158,Female,75
153,Female,74
139,Female,35
150,Female,31
146,Female,32
152,Female,56
150,Female,74
157,Female,24
148,Female,45
140,Female,32
148,Female,75
153,Female,35
154,Female,61
152,Female,78
141,Female,78
141,Female,47
143,Female,36
159,Female,58
152,Female,60
159,Female,43
158,Female,35
144,Female,19
144,Female,39
142,Female,32
152,Female,26
153,Female,53
150,Female,55
148,Female,69
152,Female,60
145,Female,75
152,Female,70
147,Female,29
163,Female,74
142,Female,38
157,Female,54
145,Female,43
153,Female,37
141,Female,57
152,Female,27
139,Female,76
143,Female,78
151,Female,25
153,Female,51
160,Female,35
141,Female,22
161,Female,41
148,Female,36
141,Female,41
142,Female,58
153,Female,39
151,Female,71
160,Female,70
146,Female,35
164,Female,67
156,Female,35
153,Female,68
153,Female,58
151,Female,78
143,Female,46
155,Female,33
150,Female,19
157,Female,69
160,Female,60
154,Female,59
160,Female,19
156,Female,48
140,Female,18
150,Female,35
158,Female,75
152,Female,53
142,Female,46
156,Female,62
143,Female,36
148,Female,73
161,Female,18
155,Female,76
154,Female,39
148,Female,52
153,Female,48
146,Female,51
147,Female,77
161,Female,60
148,Female,45
149,Female,18
152,Female,31
167,Female,29
166,Female,70
158,Female,65
159,Female,68
153,Female,59
143,Female,47
146,Female,53
165,Female,45
155,Female,54
157,Female,43
144,Female,64
147,Female,54
155,Female,18
151,Female,66
166,Female,75
140,Female,30
154,Female,67
158,Female,49
145,Female,75
157,Female,28
146,Female,66
148,Female,47
153,Female,71
151,Female,47
136,Female,47
149,Female,64
157,Female,68
139,Female,50
147,Female,77
159,Female,18
151,Female,65
155,Female,23
152,Female,56
156,Female,71
142,Female,40
159,Female,29
151,Female,36
160,Female,68
157,Female,35
150,Female,48
152,Female,63
158,Female,56
137,Female,59
149,Female,63
154,Female,61
144,Female,77
144,Female,56
155,Female,27
151,Female,28
142,Female,75
150,Female,36
159,Female,72
156,Female,43
146,Female,42
150,Female,20
147,Female,25
153,Female,52
147,Female,34
151,Female,72
152,Female,37
142,Female,66
157,Female,48
151,Female,39
147,Female,72
150,Female,18
151,Female,22
163,Female,56
152,Female,32
153,Female,49
162,Female,74
150,Female,70
153,Female,22
140,Female,40
160,Female,67
157,Female,58
151,Female,28
147,Female,50
154,Female,34
149,Female,36
143,Female,55
147,Female,59
154,Female,76
151,Female,74
156,Female,33
153,Female,71
143,Female,72
157,Female,37
148,Female,27
152,Female,35
142,Female,46
150,Female,19
145,Female,31
157,Female,27
152,Female,23
142,Female,46
148,Female,69
153,Female,53
150,Female,25
157,Female,72
146,Female,48
155,Female,18
142,Female,53
148,Female,49
155,Female,52
150,Female,23
156,Female,40
156,Female,51
154,Female,78
157,Female,68
151,Female,26
164,Female,73
151,Female,74
144,Female,62
154,Female,36
163,Female,45
161,Female,23
157,Female,25
156,Female,26
160,Female,47
142,Female,41
151,Female,61
151,Female,78
152,Female,34
139,Female,43
153,Female,45
150,Female,19
139,Female,32
157,Female,63
140,Female,24
154,Female,58
146,Female,38
162,Female,56
147,Female,60
145,Female,68
147,Female,45
142,Female,77
152,Female,31
157,Female,39
143,Female,46
155,Female,24
148,Female,78
145,Female,31
153,Female,69
143,Female,21
150,Female,44
149,Female,76
150,Female,31
141,Female,68
147,Female,41
150,Female,65
158,Female,36
145,Female,75
155,Female,54
141,Female,55
150,Female,73
145,Female,75
162,Female,67
155,Female,26
154,Female,22
151,Female,31
148,Female,27
146,Female,64
148,Female,55
153,Female,73
151,Female,26
146,Female,20
149,Female,67
152,Female,63
156,Female,66
151,Female,65
153,Female,71
158,Female,78
165,Female,47
146,Female,71
157,Female,63
152,Female,18
151,Female,27
156,Female,20
160,Female,61
148,Female,34
142,Female,43
143,Female,46
147,Female,65
145,Female,40
149,Female,78
158,Female,40
153,Female,51
151,Female,73
140,Female,51
150,Female,27
146,Female,59
147,Female,66
157,Female,43
149,Female,43
143,Female,66
151,Female,53
149,Female,18
163,Female,40
150,Female,71
150,Female,57
148,Female,65
148,Female,49
144,Female,44
148,Female,60
139,Female,20
158,Female,45
147,Female,73
150,Female,29
155,Female,30
156,Female,48
153,Female,45
145,Female,75
151,Female,41
158,Female,75
152,Female,31
148,Female,20
153,Female,77
143,Female,36
149,Female,65
143,Female,77
146,Female,68
160,Female,47
152,Female,29
146,Female,60
142,Female,76
152,Female,48
156,Female,30
143,Female,45
142,Female,34
143,Female,77
153,Female,73
157,Female,24
150,Female,26
139,Female,53
159,Female,23
149,Female,44
150,Female,19
153,Female,31
154,Female,28
141,Female,47
141,Female,34
153,Female,64
149,Female,45
149,Female,33
139,Female,30
142,Female,55
154,Female,18
148,Female,61
157,Female,34
154,Female,43
152,Female,34
143,Female,55
156,Female,30
143,Female,76
147,Female,76
154,Female,37
151,Female,60
154,Female,28
155,Female,66
153,Female,37
152,Female,59
148,Female,22
137,Female,48
156,Female,65
156,Female,39
155,Female,75
146,Female,25
150,Female,66
151,Female,24
159,Female,67
150,Female,24
156,Female,66
148,Female,65
142,Female,70
146,Female,35
155,Female,71
153,Female,75
137,Female,61
150,Female,56
156,Female,34
147,Female,43
147,Female,46
138,Female,71
157,Female,54
158,Female,74
154,Female,34
160,Female,55
151,Female,54
151,Female,53
147,Female,29
150,Female,46
151,Female,30
148,Female,41
159,Female,24
153,Female,58
142,Female,46
151,Female,21
151,Female,27
154,Female,42
151,Female,47
157,Female,77
152,Female,40
151,Female,60
138,Female,53
140,Female,69
150,Female,62
156,Female,21
140,Female,26
147,Female,59
146,Female,67
159,Female,40
155,Female,70
144,Female,68
150,Female,64
138,Female,54
146,Female,67
155,Female,63
143,Female,76
140,Female,43
153,Female,56
141,Female,59
157,Female,38
161,Female,25
147,Female,48
154,Female,44
139,Female,45
139,Female,37
141,Female,20
159,Female,49
157,Female,42
146,Female,47
150,Female,63
160,Female,55
147,Female,21
151,Female,29
150,Female,66
142,Female,46
146,Female,67
165,Female,42
151,Female,29
163,Female,22
146,Female,65
142,Female,69
158,Female,70
149,Female,51
143,Female,57
160,Female,38
151,Female,54
154,Female,77
152,Female,52
155,Female,27
159,Female,54
159,Female,49
151,Female,21
151,Female,78
140,Female,63
142,Female,25
143,Female,22
148,Female,34
153,Female,68
166,Female,18
158,Female,67
142,Female,48
147,Female,53
150,Female,66
158,Female,73
156,Female,69
154,Female,26
138,Female,62
156,Female,52
152,Female,45
156,Female,42
157,Female,74
147,Female,62
150,Female,65
155,Female,78
156,Female,48
146,Female,36
156,Female,35
157,Female,76
151,Female,74
144,Female,78
153,Female,78
151,Female,18
147,Female,62
155,Female,50
147,Female,30
152,Female,72
152,Female,71
163,Female,28
169,Female,78
140,Female,78
151,Female,44
152,Female,66
143,Female,57
146,Female,43
146,Female,65
137,Female,58
144,Female,51
143,Female,30
139,Female,67
151,Female,48
157,Female,38
150,Female,66
148,Female,45
145,Female,63
151,Female,59
143,Female,36
154,Female,61
154,Female,33
145,Female,75
153,Female,31
147,Female,53
156,Female,71
158,Female,50
161,Female,33
153,Female,60
169,Female,33
140,Female,32
146,Female,62
156,Female,52
144,Female,44
159,Female,19
145,Female,35
158,Female,62
149,Female,25
132,Female,64
146,Female,58
146,Female,40
143,Female,55
159,Female,66
154,Female,62
149,Female,21
141,Female,77
155,Female,45
140,Female,62
148,Female,29
146,Female,42
150,Female,53
148,Female,61
157,Female,69
149,Female,51
147,Female,58
152,Female,19
154,Female,77
151,Female,43
146,Female,47
140,Female,35
153,Female,24
159,Female,46
139,Female,77
156,Female,57
148,Female,19
163,Female,41
150,Female,66
145,Female,33
156,Female,51
149,Female,57
148,Female,57
156,Female,63
156,Female,68
139,Female,19
149,Female,42
149,Female,40
160,Female,68
159,Female,68
160,Female,43
156,Female,52
155,Female,49
153,Female,39
148,Female,69
145,Female,67
163,Female,62
163,Female,66
148,Female,61
150,Female,73
156,Female,58
150,Female,20
148,Female,41
152,Female,36
161,Female,52
160,Female,55
156,Female,22
149,Female,52
142,Female,19
150,Female,69
144,Female,52
163,Female,75
154,Female,37
142,Female,50
147,Female,22
142,Female,68
151,Female,23
153,Female,71
149,Female,39
153,Female,24
152,Female,47
166,Female,67
157,Female,18
153,Female,58
147,Female,45
152,Female,34
157,Female,72
152,Female,71
148,Female,56
155,Female,77
157,Female,69
157,Female,34
141,Female,34
158,Female,44
157,Female,24
130,Female,73
158,Female,74
151,Female,60
142,Female,24
156,Female,18
148,Female,74
141,Female,64
137,Female,69
157,Female,51
144,Female,18
144,Female,42
147,Female,71
142,Female,59
154,Female,20
145,Female,38
156,Female,45
156,Female,60
153,Female,34
143,Female,68
146,Female,40
148,Female,78
152,Female,71
145,Female,57
155,Female,20
149,Female,50
144,Female,32
153,Female,64
151,Female,61
152,Female,54
153,Female,38
156,Female,39
152,Female,21
151,Female,33
141,Female,64
149,Female,75
149,Female,30
142,Female,47
147,Female,69
143,Female,63
147,Female,35
155,Female,28
163,Female,23
144,Female,24
150,Female,43
157,Female,56
145,Female,51
139,Female,33
160,Female,34
160,Female,60
157,Female,28
154,Female,69
150,Female,64
149,Female,25
152,Female,42
147,Female,55
154,Female,55
161,Female,57
152,Female,54
153,Female,76
143,Female,30
154,Female,20
147,Female,37
144,Female,68
156,Female,54
150,Female,19
156,Female,70
150,Female,41
154,Female,74
149,Female,78
153,Female,69
144,Female,51
148,Female,72
147,Female,36
144,Female,34
156,Female,38
166,Female,33
147,Female,59
155,Female,48
152,Female,66
153,Female,59
164,Female,68
166,Female,36
147,Female,35
161,Female,53
156,Female,45
153,Female,33
147,Female,46
163,Female,48
140,Female,66
144,Female,27
146,Female,73
153,Female,74
152,Female,75
139,Female,75
158,Female,54
135,Female,47
143,Female,47
147,Female,27
160,Female,49
150,Female,60
145,Female,62
144,Female,34
147,Female,69
142,Female,54
165,Female,55
153,Female,77
149,Female,36
145,Female,26
153,Female,60
145,Female,61
150,Female,58
159,Female,36
148,Female,74
151,Female,74
149,Female,48
158,Female,38
147,Female,53
154,Female,38
141,Female,26
144,Female,21
153,Female,71
147,Female,33
142,Female,58
160,Female,60
146,Female,56
163,Female,33
161,Female,21
152,Female,73
152,Female,29
132,Female,43
148,Female,36
159,Female,26
149,Female,77
155,Female,22
142,Female,78
148,Female,78
139,Female,77
151,Female,53
151,Female,41
154,Female,40
143,Female,62
144,Female,51
152,Female,38
144,Female,18
145,Female,29
153,Female,48
152,Female,30
159,Female,50
141,Female,69
145,Female,18
150,Female,28
160,Female,48
142,Female,38
150,Female,61
146,Female,76
139,Female,53
151,Female,18
155,Female,74
162,Female,69
154,Female,55
145,Female,75
138,Female,75
146,Female,64
150,Female,74
141,Female,43
142,Female,52
162,Female,35
155,Female,27
146,Female,57
146,Female,59
164,Female,65
152,Female,73
155,Female,69
161,Female,37
149,Female,30
156,Female,72
154,Female,27
158,Female,37
149,Female,55
153,Female,21
155,Female,18
152,Female,43
146,Female,27
144,Female,39
158,Female,78
148,Female,41
159,Female,40
149,Female,23
158,Female,55
142,Female,24
154,Female,18
147,Female,38
146,Female,43
159,Female,78
154,Female,77
150,Female,36
146,Female,74
163,Female,52
160,Female,61
147,Female,44
153,Female,20
145,Female,39
159,Female,61
157,Female,75
148,Female,70
157,Female,64
146,Female,57
164,Female,28
149,Female,32
148,Female,51
159,Female,19
142,Female,71
157,Female,25
157,Female,78
154,Female,23
152,Female,18
143,Female,47
161,Female,76
147,Female,67
152,Female,54
149,Female,53
145,Female,29
162,Female,26
162,Female,48
149,Female,62
163,Female,78
149,Female,53
146,Female,33
153,Female,32
148,Female,27
144,Female,71
158,Female,41
145,Female,67
137,Female,39
144,Female,24
142,Female,65
151,Female,30
150,Female,58
147,Female,43
155,Female,21
156,Female,65
146,Female,48
138,Female,28
149,Female,69
150,Female,45
150,Female,54
153,Female,63
139,Female,37
138,Female,19
155,Female,74
148,Female,35
136,Female,41
154,Female,37
143,Female,58
144,Female,38
140,Female,55
144,Female,48
151,Female,43
148,Female,35
155,Female,49
152,Female,50
155,Female,62
130,Female,43
147,Female,78
162,Female,73
151,Female,22
145,Female,51
155,Female,38
145,Female,60
154,Female,30
157,Female,36
161,Female,33
144,Female,54
143,Female,43
150,Female,75
152,Female,71
154,Female,29
148,Female,78
162,Female,76
142,Female,30
153,Female,45
152,Female,34
146,Female,19
143,Female,30
158,Female,73
165,Female,26
150,Female,69
139,Female,23
153,Female,29
152,Female,76
148,Female,32
143,Female,22
144,Female,58
158,Female,62
151,Female,29
145,Female,35
153,Female,56
155,Female,40
146,Female,49
148,Female,57
163,Female,74
150,Female,50
158,Female,43
150,Female,39
157,Female,50
147,Female,65
153,Female,61
146,Female,65
153,Female,43
154,Female,34
156,Female,54
156,Female,48
143,Female,21
154,Female,70
152,Female,69
128,Female,59
146,Female,31
145,Female,63
150,Female,48
152,Female,53
150,Female,47
158,Female,45
151,Female,74
154,Female,55
146,Female,47
156,Female,40
144,Female,71
146,Female,29
154,Female,65
145,Female,53
150,Female,64
152,Female,21
149,Female,58
145,Female,38
161,Female,76
143,Female,50
148,Female,21
150,Female,50
150,Female,55
169,Female,70
147,Female,58
148,Female,24
144,Female,49
157,Female,65
151,Female,27
145,Female,53
150,Female,52
150,Female,41
142,Female,76
142,Female,48
137,Female,64
140,Female,63
142,Female,36
155,Female,21
153,Female,46
163,Female,60
160,Female,76
138,Female,44
162,Female,49
162,Female,48
162,Female,41
151,Female,50
146,Female,41
154,Female,69
142,Female,69
138,Female,47
145,Female,74
148,Female,31
148,Female,36
139,Female,67
157,Female,58
144,Female,54
152,Female,62
145,Female,33
137,Female,60
156,Female,33
150,Female,22
153,Female,51
155,Female,45
156,Female,21
150,Female,71
150,Female,72
150,Female,39
148,Female,35
138,Female,51
151,Female,62
151,Female,31
157,Female,43
152,Female,51
152,Female,30
166,Female,34
149,Female,40
147,Female,73
150,Female,28
155,Female,63
139,Female,67
155,Female,49
150,Female,50
150,Female,68
135,Female,54
153,Female,41
153,Female,43
155,Female,50
145,Female,21
143,Female,33
152,Female,31
152,Female,41
151,Female,65
137,Female,43
163,Female,54
152,Female,71
149,Female,45
153,Female,73
166,Female,78
148,Female,62
143,Female,65
154,Female,42
156,Female,29
149,Female,66
159,Female,35
155,Female,25
156,Female,71
144,Female,45
158,Female,24
149,Female,36
156,Female,18
157,Female,48
155,Female,22
146,Female,37
145,Female,48
147,Female,62
156,Female,61
151,Female,28
162,Female,56
143,Female,59
155,Female,60
165,Female,20
143,Female,54
146,Female,54
150,Female,20
148,Female,66
155,Female,24
161,Female,55
149,Female,47
143,Female,19
138,Female,25
144,Female,71
156,Female,31
152,Female,30
162,Female,78
148,Female,20
148,Female,55
155,Female,72
152,Female,39
143,Female,29
149,Female,58
159,Female,78
156,Female,29
149,Female,66
149,Female,52
141,Female,71
140,Female,19
148,Female,51
166,Female,76
142,Female,66
151,Female,30
136,Female,60
143,Female,78
153,Female,51
145,Female,32
150,Female,28
151,Female,46
144,Female,57
156,Female,68
157,Female,46
142,Female,24
157,Female,32
148,Female,29
147,Female,42
160,Female,50
151,Female,22
140,Female,19
157,Female,31
151,Female,59
140,Female,32
152,Female,70
150,Female,43
153,Female,57
148,Female,30
155,Female,52
150,Female,72
139,Female,75
145,Female,72
156,Female,69
151,Female,24
153,Female,52
149,Female,44
170,Female,59
155,Female,21
137,Female,44
152,Female,36
150,Female,50
153,Female,72
144,Female,29
152,Female,51
147,Female,18
155,Female,25
161,Female,56
152,Female,58
139,Female,63
148,Female,42
162,Female,36
151,Female,46
138,Female,62
146,Female,31
149,Female,69
146,Female,72
141,Female,37
153,Female,48
151,Female,53
157,Female,37
154,Female,64
154,Female,52
154,Female,72
151,Female,33
157,Female,47
149,Female,25
158,Female,54
161,Female,24
149,Female,32
151,Female,74
155,Female,71
153,Female,70
156,Female,48
151,Female,61
148,Female,41
152,Female,76
142,Female,38
152,Female,53
152,Female,34
143,Female,41
146,Female,38
155,Female,65
153,Female,21
151,Female,67
144,Female,54
145,Female,49
140,Female,23
152,Female,51
148,Female,75
149,Female,43
152,Female,21
156,Female,64
151,Female,36
153,Female,34
137,Female,50
149,Female,53
139,Female,53
140,Female,68
142,Female,27
150,Female,61
159,Female,46
150,Female,52
148,Female,43
157,Female,64
148,Female,75
142,Female,49
133,Female,65
155,Female,44
158,Female,59
155,Female,53
151,Female,54
142,Female,55
150,Female,61
165,Female,28
151,Female,55
141,Female,19
142,Female,18
150,Female,28
140,Female,57
161,Female,19
141,Female,76
147,Female,57
148,Female,52
146,Female,61
149,Female,36
149,Female,45
161,Female,77
155,Female,59
142,Female,25
142,Female,46
154,Female,22
153,Female,62
149,Female,65
144,Female,49
155,Female,43
146,Female,37
140,Female,36
140,Female,39
146,Female,76
146,Female,62
153,Female,35
147,Female,67
165,Female,25
153,Female,72
151,Female,34
151,Female,39
149,Female,56
149,Female,25
154,Female,45
148,Female,75
159,Female,71
147,Female,43
156,Female,52
150,Female,53
144,Female,54
149,Female,67
159,Female,28
155,Female,34
152,Female,37
146,Female,30
148,Female,78
154,Female,51
153,Female,70
149,Female,74
159,Female,47
156,Female,50
143,Female,35
143,Female,77
149,Female,38
155,Female,27
159,Female,42
149,Female,56
149,Female,22
143,Female,49
145,Female,25
163,Female,55
141,Female,56
151,Female,35
151,Female,58
141,Female,27
147,Female,65
143,Female,53
149,Female,53
151,Female,30
141,Female,19
149,Female,43
149,Female,41
152,Female,29
145,Female,60
154,Female,74
167,Female,54
157,Female,44
152,Female,38
149,Female,31
159,Female,26
151,Female,26
143,Female,69
148,Female,56
147,Female,34
144,Female,57
150,Female,43
142,Female,19
154,Female,30
158,Female,70
149,Female,58
145,Female,78
146,Female,22
151,Female,26
152,Female,41
148,Female,41
158,Female,54
150,Female,54
146,Female,21
151,Female,67
153,Female,53
148,Female,76
143,Female,59
163,Female,54
153,Female,56
146,Female,53
157,Female,63
141,Female,53
152,Female,50
151,Female,55
154,Female,71
146,Female,78
141,Female,45
153,Female,29
156,Female,67
156,Female,22
156,Female,74
146,Female,51
155,Female,66
146,Female,69
147,Female,40
156,Female,43
144,Female,77
152,Female,54
150,Female,21
152,Female,62
151,Female,39
148,Female,34
159,Female,25
149,Female,38
151,Female,67
153,Female,40
147,Female,44
159,Female,31
150,Female,48
153,Female,59
139,Female,23
147,Female,65
146,Female,42
149,Female,38
139,Female,46
141,Female,45
154,Female,27
