experience_level,employment_type,job_title,salary_in_usd,remote_ratio,company_size
MI,CT,ML Engineer,30000,fully remote,S
MI,CT,ML Engineer,25500,fully remote,S
SE,FT,Applied Scientist,222200,hybrid,L
SE,FT,Applied Scientist,136000,hybrid,L
SE,FT,Data Scientist,147100,hybrid,M
SE,FT,Data Scientist,90700,hybrid,M
SE,FT,Data Analyst,130000,fully remote,M
SE,FT,Data Analyst,100000,fully remote,M
EN,FT,Applied Scientist,213660,hybrid,L
EN,FT,Applied Scientist,130760,hybrid,L
SE,FT,Data Modeler,147100,hybrid,M
SE,FT,Data Modeler,90700,hybrid,M
SE,FT,Data Scientist,170000,hybrid,M
SE,FT,Data Scientist,150000,hybrid,M
MI,FT,Data Analyst,150000,fully remote,M
MI,FT,Data Analyst,110000,fully remote,M
SE,FT,Business Intelligence Engineer,225000,hybrid,M
SE,FT,Business Intelligence Engineer,156400,hybrid,M
SE,FT,Machine Learning Engineer,200000,hybrid,M
SE,FT,Machine Learning Engineer,130000,hybrid,M
SE,FT,Data Engineer,253200,hybrid,M
SE,FT,Data Engineer,90700,hybrid,M
SE,FT,Computer Vision Engineer,342810,hybrid,M
SE,FT,Computer Vision Engineer,184590,hybrid,M
MI,FT,Data Engineer,162500,hybrid,M
MI,FT,Data Engineer,130000,hybrid,M
MI,FT,Data Analyst,105380,hybrid,M
MI,FT,Data Analyst,64500,hybrid,M
EN,FT,Applied Scientist,204620,hybrid,L
EN,FT,Applied Scientist,110680,hybrid,L
SE,FT,Data Engineer,270703,hybrid,M
SE,FT,Data Engineer,221484,hybrid,M
SE,FT,Data Scientist,212750,fully remote,M
SE,FT,Data Scientist,185000,fully remote,M
SE,FT,Data Scientist,262000,fully remote,M
SE,FT,Data Scientist,245000,fully remote,M
SE,FT,Data Scientist,275300,fully remote,M
SE,FT,Data Scientist,183500,fully remote,M
SE,FT,Data Scientist,218500,fully remote,M
SE,FT,Data Scientist,199098,fully remote,M
SE,FT,Data Engineer,203300,fully remote,M
SE,FT,Data Engineer,123600,fully remote,M
SE,FT,Research Engineer,189110,hybrid,M
SE,FT,Research Engineer,139000,hybrid,M
EX,FT,Data Scientist,258750,hybrid,M
EX,FT,Data Scientist,185000,hybrid,M
SE,FT,Data Engineer,231500,fully remote,M
SE,FT,Data Engineer,166000,fully remote,M
SE,FT,Data Scientist,172500,fully remote,M
SE,FT,Data Scientist,110500,fully remote,M
SE,FT,Data Engineer,238000,hybrid,M
SE,FT,Data Engineer,176000,hybrid,M
SE,FT,Data Engineer,237000,fully remote,M
SE,FT,Data Engineer,201450,fully remote,M
SE,FT,Applied Scientist,309400,hybrid,L
SE,FT,Applied Scientist,159100,hybrid,L
SE,FT,Data Engineer,115000,hybrid,M
SE,FT,Data Engineer,81500,hybrid,M
SE,FT,Data Scientist,237000,fully remote,M
SE,FT,Data Scientist,201450,fully remote,M
SE,FT,Computer Vision Engineer,280000,hybrid,M
SE,FT,Computer Vision Engineer,210000,hybrid,M
SE,FT,Data Architect,280100,fully remote,M
SE,FT,Data Architect,168100,fully remote,M
SE,FT,Data Engineer,193500,fully remote,M
SE,FT,Data Engineer,139000,fully remote,M
SE,FT,Business Intelligence Engineer,185900,hybrid,M
SE,FT,Business Intelligence Engineer,129300,hybrid,M
SE,FT,Data Engineer,225000,fully remote,M
SE,FT,Data Engineer,175000,fully remote,M
SE,FT,Data Engineer,185000,hybrid,M
SE,FT,Data Engineer,140000,hybrid,M
SE,FT,Data Scientist,105000,hybrid,M
SE,FT,Data Scientist,70000,hybrid,M
EN,FT,Machine Learning Engineer,163196,hybrid,M
EN,FT,Machine Learning Engineer,145885,hybrid,M
SE,FT,Data Engineer,217000,fully remote,M
SE,FT,Data Engineer,185000,fully remote,M
SE,FT,Data Analyst,202800,hybrid,L
SE,FT,Data Analyst,104300,hybrid,L
SE,FT,Data Analyst,145000,hybrid,M
SE,FT,Data Analyst,65000,hybrid,M
SE,FT,Data Engineer,165000,hybrid,M
SE,FT,Data Engineer,132300,hybrid,M
SE,FT,Data Engineer,179170,hybrid,M
SE,FT,Data Engineer,94300,hybrid,M
SE,FT,Analytics Engineer,152500,hybrid,M
SE,FT,Analytics Engineer,116450,hybrid,M
SE,FT,Data Engineer,247300,hybrid,M
SE,FT,Data Engineer,133800,hybrid,M
SE,FT,Research Engineer,203000,hybrid,M
SE,FT,Research Engineer,133000,hybrid,M
EN,FT,Research Scientist,220000,hybrid,L
SE,FT,Data Scientist,150000,hybrid,M
SE,FT,Data Scientist,120000,hybrid,M
SE,FT,Analytics Engineer,289800,hybrid,M
SE,FT,Analytics Engineer,214000,hybrid,M
SE,FT,Analytics Engineer,179820,hybrid,M
SE,FT,Analytics Engineer,143860,hybrid,M
SE,FT,Machine Learning Engineer,283200,fully remote,M
SE,FT,Machine Learning Engineer,188800,fully remote,M
SE,FT,Analytics Engineer,289800,hybrid,M
SE,FT,Analytics Engineer,214200,hybrid,M
SE,FT,Data Engineer,185900,hybrid,M
SE,FT,Data Engineer,129300,hybrid,M
SE,FT,Data Engineer,252000,hybrid,M
SE,FT,Data Engineer,129000,hybrid,M
MI,FT,Data Analytics Manager,155000,hybrid,M
MI,FT,Data Analytics Manager,140000,hybrid,M
SE,FT,Data Engineer,161800,fully remote,M
SE,FT,Data Engineer,141600,fully remote,M
SE,FT,Machine Learning Engineer,342300,hybrid,L
SE,FT,Machine Learning Engineer,176100,hybrid,L
MI,FT,Data Engineer,100000,fully remote,M
MI,FT,Data Engineer,70000,fully remote,M
EN,FT,Data Engineer,85000,hybrid,M
EN,FT,Data Engineer,65000,hybrid,M
SE,FT,Data Scientist,138784,fully remote,M
SE,FT,Data Scientist,83270,fully remote,M
EN,FT,Data Analyst,75000,hybrid,M
EN,FT,Data Analyst,70000,hybrid,M
SE,FT,Data Analyst,204500,hybrid,M
SE,FT,Data Analyst,138900,hybrid,M
SE,FT,Machine Learning Engineer,318300,fully remote,M
SE,FT,Machine Learning Engineer,212200,fully remote,M
SE,FT,Data Engineer,95000,fully remote,M
SE,FT,Data Engineer,75000,fully remote,M
SE,FT,Data Scientist,195000,hybrid,M
SE,FT,Data Scientist,160000,hybrid,M
SE,FT,Analytics Engineer,230000,hybrid,M
SE,FT,Analytics Engineer,143200,hybrid,M
MI,FT,Data Engineer,100000,fully remote,M
MI,FT,Data Engineer,70000,fully remote,M
MI,FT,Business Data Analyst,105000,hybrid,L
SE,FT,Data Engineer,145000,hybrid,M
SE,FT,Data Engineer,115000,hybrid,M
SE,FT,Data Analyst,168400,hybrid,M
SE,FT,Data Analyst,105200,hybrid,M
SE,FT,Applied Scientist,309400,hybrid,L
SE,FT,Applied Scientist,159100,hybrid,L
SE,FT,Machine Learning Engineer,190000,hybrid,M
SE,FT,Machine Learning Engineer,150000,hybrid,M
MI,FT,Data Engineer,162500,hybrid,M
MI,FT,Data Engineer,130000,hybrid,M
SE,FT,Analytics Engineer,150000,fully remote,M
SE,FT,Analytics Engineer,120000,fully remote,M
SE,FT,Data Engineer,145000,hybrid,M
SE,FT,Data Engineer,120000,hybrid,M
SE,FT,Applied Scientist,222200,hybrid,L
SE,FT,Applied Scientist,136000,hybrid,L
SE,FT,Data Engineer,241000,hybrid,M
SE,FT,Data Engineer,155000,hybrid,M
SE,FT,Data Engineer,220000,fully remote,M
SE,FT,Data Engineer,190000,fully remote,M
EN,FT,Data Analyst,85000,fully remote,M
EN,FT,Data Analyst,75000,fully remote,M
SE,FT,Data Engineer,160000,hybrid,M
SE,FT,Data Engineer,140000,hybrid,M
MI,FT,Machine Learning Engineer,300000,hybrid,M
MI,FT,Machine Learning Engineer,250000,hybrid,M
SE,FT,Data Scientist,228000,hybrid,M
SE,FT,Data Scientist,186000,hybrid,M
SE,FT,Data Scientist,190000,hybrid,M
SE,FT,Data Scientist,170000,hybrid,M
MI,FT,Research Engineer,230000,hybrid,M
MI,FT,Research Engineer,200000,hybrid,M
SE,FT,Data Architect,180000,fully remote,M
SE,FT,Data Architect,115000,fully remote,M
SE,FT,Data Architect,200000,fully remote,M
SE,FT,Data Architect,115000,fully remote,M
EX,FT,Data Engineer,220000,hybrid,M
EX,FT,Data Engineer,205000,hybrid,M
MI,FT,Data Engineer,180000,hybrid,M
MI,FT,Data Engineer,130000,hybrid,M
SE,FT,Data Engineer,200000,fully remote,M
SE,FT,Data Engineer,150000,fully remote,M
SE,FT,Computer Vision Engineer,215000,hybrid,M
SE,FT,Computer Vision Engineer,170000,hybrid,M
SE,FT,Machine Learning Engineer,247500,hybrid,M
SE,FT,Machine Learning Engineer,172200,hybrid,M
SE,FT,Data Analyst,120000,fully remote,M
SE,FT,Data Analyst,75000,fully remote,M
SE,FT,Data Analyst,140000,hybrid,M
SE,FT,Data Analyst,120000,hybrid,M
SE,FT,Data Engineer,128000,hybrid,M
SE,FT,Data Engineer,81500,hybrid,M
SE,FT,Data Engineer,145000,hybrid,M
SE,FT,Data Engineer,115000,hybrid,M
SE,FT,Data Engineer,185000,hybrid,M
SE,FT,Data Engineer,140000,hybrid,M
EX,FT,Head of Data,329500,hybrid,M
EX,FT,Head of Data,269600,hybrid,M
SE,FT,Data Quality Analyst,100000,hybrid,M
SE,FT,Data Quality Analyst,80000,hybrid,M
SE,FT,Data Scientist,250000,hybrid,M
SE,FT,Data Scientist,162500,hybrid,M
MI,FT,AI Developer,200000,fully remote,M
SE,FT,Data Engineer,145000,hybrid,M
SE,FT,Data Engineer,100000,hybrid,M
EX,FT,Data Engineer,145000,hybrid,M
EX,FT,Data Engineer,115000,hybrid,M
SE,FT,Data Scientist,203500,hybrid,M
SE,FT,Data Scientist,152000,hybrid,M
SE,FT,Data Scientist,239000,hybrid,L
SE,FT,Data Scientist,122900,hybrid,L
SE,FT,Data Scientist,237000,hybrid,M
SE,FT,Data Scientist,145000,hybrid,M
SE,FT,Data Science Manager,191765,hybrid,M
SE,FT,Data Science Manager,134236,hybrid,M
SE,FT,Analytics Engineer,190000,fully remote,M
SE,FT,Analytics Engineer,112000,fully remote,M
EN,FT,Data Engineer,85000,hybrid,M
EN,FT,Data Engineer,65000,hybrid,M
SE,FT,Data Analyst,135000,hybrid,M
SE,FT,Data Analyst,105500,hybrid,M
SE,FT,Research Engineer,293000,hybrid,M
SE,FT,Research Engineer,185000,hybrid,M
SE,FT,Data Analyst,80000,hybrid,M
SE,FT,Data Analyst,70000,hybrid,M
SE,FT,Data Engineer,220000,fully remote,M
SE,FT,Data Engineer,160000,fully remote,M
SE,FT,Data Scientist,175000,fully remote,M
SE,FT,Data Scientist,145000,fully remote,M
SE,FT,Data Analyst,200000,hybrid,M
SE,FT,Data Analyst,148500,hybrid,M
SE,FT,Data Engineer,240500,hybrid,L
SE,FT,Data Engineer,123700,hybrid,L
SE,FT,Analytics Engineer,152900,fully remote,M
SE,FT,Analytics Engineer,117100,fully remote,M
SE,FT,Analytics Engineer,173000,fully remote,M
SE,FT,Analytics Engineer,113000,fully remote,M
SE,FT,Applied Scientist,260000,hybrid,L
SE,FT,Applied Scientist,136000,hybrid,L
EX,FT,Data Engineer,175000,hybrid,M
EX,FT,Data Engineer,110000,hybrid,M
SE,FT,Applied Scientist,260000,hybrid,L
SE,FT,Applied Scientist,136000,hybrid,L
SE,FT,Research Scientist,130000,fully remote,M
SE,FT,Research Scientist,110000,fully remote,M
SE,FT,Applied Scientist,205000,fully remote,M
SE,FT,Applied Scientist,184000,fully remote,M
SE,FT,Data Analyst,149500,fully remote,M
SE,FT,Data Analyst,127075,fully remote,M
SE,FT,Data Scientist,195000,hybrid,M
SE,FT,Data Scientist,160000,hybrid,M
SE,FT,Data Engineer,219535,fully remote,M
SE,FT,Data Engineer,146115,fully remote,M
SE,FT,Data Scientist,170000,hybrid,M
SE,FT,Data Scientist,135000,hybrid,M
SE,FT,Data Scientist,175000,fully remote,M
SE,FT,Data Scientist,145000,fully remote,M
SE,FT,Data Scientist,199000,hybrid,M
SE,FT,Data Scientist,162000,hybrid,M
SE,FT,Applied Scientist,222200,hybrid,L
SE,FT,Applied Scientist,136000,hybrid,L
EX,FT,Analytics Engineer,221000,fully remote,M
EX,FT,Analytics Engineer,153000,fully remote,M
SE,FT,Data Analyst,187000,hybrid,M
SE,FT,Data Analyst,128000,hybrid,M
SE,FT,Research Scientist,210000,hybrid,M
SE,FT,Research Scientist,136000,hybrid,M
SE,FT,Data Scientist,175000,fully remote,M
SE,FT,Data Scientist,100000,fully remote,M
SE,FT,Data Engineer,179000,hybrid,M
SE,FT,Data Engineer,109000,hybrid,M
SE,FT,Data Scientist,245000,hybrid,M
SE,FT,Data Scientist,180000,hybrid,M
SE,FT,Data Analyst,142000,fully remote,M
SE,FT,Data Analyst,75000,fully remote,M
SE,FT,Data Manager,198800,hybrid,M
SE,FT,Data Manager,105200,hybrid,M
SE,FT,Data Analyst,125000,fully remote,M
SE,FT,Data Analyst,112000,fully remote,M
SE,FT,Data Scientist,210000,hybrid,M
SE,FT,Data Scientist,155000,hybrid,M
SE,FT,Data Manager,115000,fully remote,M
SE,FT,Data Manager,86000,fully remote,M
SE,FT,Data Scientist,165000,hybrid,M
SE,FT,Data Scientist,140000,hybrid,M
SE,FT,Data Analyst,139000,hybrid,M
SE,FT,Data Analyst,106000,hybrid,M
MI,FT,Machine Learning Engineer,280700,fully remote,M
MI,FT,Machine Learning Engineer,150450,fully remote,M
SE,FT,Data Architect,250500,hybrid,M
SE,FT,Data Architect,159500,hybrid,M
SE,FT,Data Engineer,145000,hybrid,M
SE,FT,Data Engineer,115000,hybrid,M
SE,FT,Data Analyst,140000,hybrid,M
SE,FT,Data Analyst,120000,hybrid,M
EN,FT,Data Scientist,130001,fully remote,M
EN,FT,Data Scientist,71907,fully remote,M
MI,FT,Data Scientist,93918,fully remote,M
MI,FT,Data Scientist,51962,fully remote,M
EN,FT,Data Engineer,85000,hybrid,M
EN,FT,Data Engineer,65000,hybrid,M
SE,FT,Machine Learning Engineer,257000,hybrid,M
SE,FT,Machine Learning Engineer,147000,hybrid,M
SE,FT,Data Engineer,222000,fully remote,M
SE,FT,Data Engineer,175000,fully remote,M
SE,FT,Data Scientist,203000,fully remote,M
SE,FT,Data Scientist,133200,fully remote,M
EN,FT,Applied Scientist,213660,hybrid,L
EN,FT,Applied Scientist,130760,hybrid,L
SE,FT,Data Engineer,221000,hybrid,M
SE,FT,Data Engineer,147000,hybrid,M
SE,FT,Data Quality Analyst,100000,hybrid,M
SE,FT,Data Quality Analyst,80000,hybrid,M
SE,FT,Data Scientist,185900,hybrid,M
SE,FT,Data Scientist,129300,hybrid,M
SE,FT,Data Scientist,238000,fully remote,M
SE,FT,Data Scientist,156000,fully remote,M
SE,FT,Machine Learning Engineer,304000,fully remote,M
SE,FT,Machine Learning Engineer,199000,fully remote,M
SE,FT,Data Engineer,150000,hybrid,M
SE,FT,Data Engineer,130000,hybrid,M
SE,FT,Data Scientist,140000,fully remote,M
SE,FT,Data Scientist,110000,fully remote,M
MI,FT,Data Analyst,90000,hybrid,M
MI,FT,Data Analyst,75000,hybrid,M
SE,FT,Data Engineer,240000,hybrid,M
SE,FT,Data Engineer,183600,hybrid,M
MI,FT,Data Specialist,130000,hybrid,M
MI,FT,Data Specialist,80000,hybrid,M
SE,FT,Data Engineer,250000,hybrid,M
SE,FT,Data Engineer,150000,hybrid,M
SE,FT,Data Analytics Manager,160000,fully remote,M
SE,FT,Data Analytics Manager,120000,fully remote,M
SE,FT,Machine Learning Engineer,289076,hybrid,M
SE,FT,Machine Learning Engineer,202353,hybrid,M
SE,FT,Data Engineer,145000,hybrid,M
SE,FT,Data Engineer,120000,hybrid,M
SE,FT,Data Analyst,155000,hybrid,M
SE,FT,Data Analyst,106000,hybrid,M
SE,FT,Data Engineer,200000,hybrid,M
SE,FT,Data Engineer,160000,hybrid,M
SE,FT,Data Scientist,157750,fully remote,M
SE,FT,Data Scientist,104650,fully remote,M
MI,FT,Data Scientist,180000,fully remote,M
MI,FT,Data Scientist,140000,fully remote,M
EX,FT,Data Scientist,200000,hybrid,M
EX,FT,Data Scientist,145000,hybrid,M
MI,FT,Lead Data Analyst,68000,hybrid,L
EN,FT,BI Data Engineer,60000,fully remote,M
EN,FT,Data Engineer,85000,hybrid,M
EN,FT,Data Engineer,65000,hybrid,M
MI,FT,Data Engineer,125000,hybrid,M
MI,FT,Data Engineer,90000,hybrid,M
SE,FT,Data Analyst,105000,fully remote,M
SE,FT,Data Analyst,90000,fully remote,M
SE,FT,Analytics Engineer,179820,hybrid,M
SE,FT,Analytics Engineer,143860,hybrid,M
SE,FT,Data Analyst,135000,hybrid,M
SE,FT,Data Analyst,105500,hybrid,M
EN,FT,Research Engineer,155000,hybrid,M
EN,FT,Research Engineer,125000,hybrid,M
SE,FT,Machine Learning Engineer,241000,hybrid,M
SE,FT,Machine Learning Engineer,181000,hybrid,M
SE,FT,Data Scientist,252000,hybrid,M
SE,FT,Data Scientist,154000,hybrid,M
EX,FT,Data Architect,180000,hybrid,M
EX,FT,Data Architect,155000,hybrid,M
SE,FT,Data Scientist,191765,hybrid,M
SE,FT,Data Scientist,134236,hybrid,M
SE,FT,Data Scientist,175000,fully remote,M
SE,FT,Data Scientist,145000,fully remote,M
SE,FT,Data Scientist,237000,fully remote,M
SE,FT,Data Scientist,145000,fully remote,M
EN,FT,Research Engineer,155000,hybrid,M
EN,FT,Research Engineer,125000,hybrid,M
SE,FT,Data Analyst,80000,hybrid,M
SE,FT,Data Analyst,70000,hybrid,M
SE,FT,Data Engineer,146000,hybrid,M
SE,FT,Data Engineer,75000,hybrid,M
EN,FT,Data Analyst,64200,fully remote,M
EN,FT,Data Analyst,56100,fully remote,M
SE,FT,Machine Learning Engineer,170000,hybrid,M
SE,FT,Machine Learning Engineer,130000,hybrid,M
SE,FT,Data Analyst,208450,fully remote,M
SE,FT,Data Analyst,170550,fully remote,M
SE,FT,Machine Learning Engineer,125000,hybrid,M
SE,FT,Machine Learning Engineer,100000,hybrid,M
MI,FT,Data Manager,135000,hybrid,M
MI,FT,Data Manager,120000,hybrid,M
SE,FT,Data Scientist,200000,fully remote,M
SE,FT,Data Scientist,170000,fully remote,M
SE,FT,Applied Scientist,222200,hybrid,L
SE,FT,Applied Scientist,136000,hybrid,L
SE,FT,Applied Scientist,260000,hybrid,L
SE,FT,Applied Scientist,136000,hybrid,L
SE,FT,Data Analyst,153600,hybrid,M
SE,FT,Data Analyst,100500,hybrid,M
SE,FT,Applied Scientist,205000,fully remote,M
SE,FT,Applied Scientist,184000,fully remote,M
MI,FT,Data Analyst,182500,hybrid,M
MI,FT,Data Analyst,121500,hybrid,M
SE,FT,Data Engineer,203100,hybrid,M
SE,FT,Data Engineer,114500,hybrid,M
SE,FT,Data Engineer,252000,hybrid,M
SE,FT,Data Engineer,129000,hybrid,M
EN,FT,Data Engineer,92700,fully remote,M
EN,FT,Data Engineer,61800,fully remote,M
SE,FT,Data Engineer,160000,fully remote,M
SE,FT,Data Engineer,130000,fully remote,M
SE,FT,Data Scientist,170000,hybrid,M
SE,FT,Data Scientist,135000,hybrid,M
MI,FT,Data Architect,167500,hybrid,M
MI,FT,Data Architect,106500,hybrid,M
SE,FT,Data Scientist,195000,hybrid,M
SE,FT,Data Scientist,160000,hybrid,M
MI,FT,Data Engineer,146000,hybrid,M
MI,FT,Data Engineer,75000,hybrid,M
EX,FT,Data Engineer,286000,fully remote,M
EX,FT,Data Engineer,207000,fully remote,M
SE,FT,Data Analyst,100000,fully remote,M
SE,FT,Data Analyst,80000,fully remote,M
SE,FT,Data Engineer,223250,hybrid,M
SE,FT,Data Engineer,178600,hybrid,M
EX,FT,Director of Data Science,353200,hybrid,M
EX,FT,Director of Data Science,249300,hybrid,M
MI,FT,Machine Learning Scientist,230000,hybrid,M
MI,FT,Machine Learning Scientist,220000,hybrid,M
SE,FT,Data Scientist,297300,fully remote,M
SE,FT,Data Scientist,198200,fully remote,M
MI,FT,Research Scientist,210000,fully remote,M
MI,FT,Research Scientist,151800,fully remote,M
SE,FT,Data Scientist,200000,fully remote,M
SE,FT,Data Scientist,170000,fully remote,M
SE,FT,Data Scientist,317070,hybrid,M
SE,FT,Data Scientist,170730,hybrid,M
SE,FT,Data Engineer,128000,hybrid,M
SE,FT,Data Engineer,81500,hybrid,M
MI,FT,MLOps Engineer,134000,fully remote,M
MI,FT,MLOps Engineer,124000,fully remote,M
SE,FT,Data Engineer,171250,hybrid,M
SE,FT,Data Engineer,113750,hybrid,M
SE,FT,Data Engineer,165000,hybrid,M
SE,FT,Data Engineer,132300,hybrid,M
SE,FT,Data Scientist,225000,hybrid,M
SE,FT,Data Scientist,175000,hybrid,M
SE,FT,Data Engineer,230000,hybrid,M
SE,FT,Data Engineer,124500,hybrid,M
SE,FT,Machine Learning Engineer,247500,hybrid,M
SE,FT,Machine Learning Engineer,172200,hybrid,M
SE,FT,Data Analyst,175000,hybrid,M
SE,FT,Data Analyst,145000,hybrid,M
SE,FT,Data Analyst,148700,hybrid,M
SE,FT,Data Analyst,125600,hybrid,M
SE,FT,Data Engineer,145000,hybrid,M
SE,FT,Data Engineer,115000,hybrid,M
SE,FT,Research Scientist,200000,hybrid,M
SE,FT,Research Scientist,150000,hybrid,M
EN,FT,Research Engineer,160000,hybrid,M
EN,FT,Research Engineer,120000,hybrid,M
SE,FT,Data Analyst,185000,fully remote,M
SE,FT,Data Analyst,120250,fully remote,M
SE,FT,Data Scientist,275300,fully remote,M
SE,FT,Data Scientist,183000,fully remote,M
SE,FT,Data Architect,170000,fully remote,M
SE,FT,Data Architect,125000,fully remote,M
MI,FT,Data Architect,167500,hybrid,M
MI,FT,Data Architect,106500,hybrid,M
SE,FT,Research Scientist,250000,hybrid,M
SE,FT,Research Scientist,200000,hybrid,M
MI,FT,Machine Learning Engineer,135000,hybrid,L
SE,FT,Machine Learning Engineer,216000,fully remote,M
SE,FT,Machine Learning Engineer,184000,fully remote,M
SE,FT,Data Engineer,180000,fully remote,M
SE,FT,Data Engineer,165000,fully remote,M
SE,FT,Data Scientist,185900,hybrid,M
SE,FT,Data Scientist,129300,hybrid,M
SE,FT,Data Engineer,145000,hybrid,M
SE,FT,Data Engineer,120000,hybrid,M
MI,FT,Data Engineer,143865,hybrid,M
MI,FT,Data Engineer,115092,hybrid,M
MI,FT,Machine Learning Engineer,130000,hybrid,M
MI,FT,Machine Learning Engineer,90000,hybrid,M
SE,FT,Data Scientist,173000,fully remote,M
SE,FT,Data Scientist,132000,fully remote,M
SE,FT,Data Analyst,208049,hybrid,M
SE,FT,Data Analyst,128500,hybrid,M
SE,FT,Analytics Engineer,179820,hybrid,M
SE,FT,Analytics Engineer,143860,hybrid,M
SE,FT,Data Engineer,167500,hybrid,M
SE,FT,Data Engineer,106500,hybrid,M
SE,FT,Data Scientist,275300,fully remote,M
SE,FT,Data Scientist,183500,fully remote,M
MI,FT,Data Engineer,149600,hybrid,M
MI,FT,Data Engineer,102000,hybrid,M
EX,FT,Data Scientist,145000,hybrid,M
EX,FT,Data Scientist,100000,hybrid,M
SE,FT,Data Analyst,190000,fully remote,M
SE,FT,Data Analyst,95000,fully remote,M
SE,FT,Data Analyst,153600,hybrid,M
SE,FT,Data Analyst,106800,hybrid,M
MI,FT,Data Analyst,128000,hybrid,M
MI,FT,Data Analyst,85000,hybrid,M
MI,FT,Data Engineer,151000,hybrid,M
MI,FT,Data Engineer,140000,hybrid,M
SE,FT,Data Scientist,275300,fully remote,M
SE,FT,Data Scientist,183500,fully remote,M
SE,FT,Machine Learning Scientist,220000,hybrid,M
SE,FT,Machine Learning Scientist,170000,hybrid,M
SE,FT,Data Analyst,135000,hybrid,M
SE,FT,Data Analyst,105500,hybrid,M
SE,FT,Data Analyst,100000,fully remote,M
SE,FT,Data Analyst,80000,fully remote,M
MI,FT,Data Analyst,154000,hybrid,M
MI,FT,Data Analyst,143000,hybrid,M
EN,FT,Data Scientist,190000,hybrid,M
EN,FT,Data Scientist,120000,hybrid,M
SE,FT,Data Engineer,150000,hybrid,M
SE,FT,Data Engineer,111000,hybrid,M
EX,FT,Data Engineer,265000,hybrid,M
EX,FT,Data Engineer,235000,hybrid,M
SE,FT,Data Engineer,160000,fully remote,M
SE,FT,Data Engineer,130000,fully remote,M
MI,FT,Data Engineer,75000,fully remote,M
MI,FT,Data Engineer,60400,fully remote,M
EN,FT,Data Analyst,85000,fully remote,M
EN,FT,Data Analyst,75000,fully remote,M
SE,FT,Data Engineer,252000,hybrid,M
SE,FT,Data Engineer,129000,hybrid,M
EN,FT,Data Engineer,92700,fully remote,M
EN,FT,Data Engineer,61800,fully remote,M
MI,FT,Data Analyst,83500,fully remote,M
MI,FT,Data Analyst,52500,fully remote,M
SE,FT,Data Scientist,201036,hybrid,M
SE,FT,Data Scientist,134024,hybrid,M
SE,FT,Data Analyst,165000,fully remote,M
SE,FT,Data Analyst,140000,fully remote,M
EN,FT,Data Engineer,62000,fully remote,M
EN,FT,Data Engineer,58000,fully remote,M
SE,FT,Data Scientist,172000,hybrid,M
SE,FT,Data Scientist,115000,hybrid,M
EN,FT,Data Engineer,125000,hybrid,M
EN,FT,Data Engineer,90000,hybrid,M
SE,FT,Data Engineer,163800,hybrid,M
SE,FT,Data Engineer,126000,hybrid,M
SE,FT,Data Scientist,237000,fully remote,M
SE,FT,Data Scientist,145000,fully remote,M
MI,FT,Data Engineer,90000,fully remote,M
MI,FT,Data Engineer,90000,fully remote,M
SE,FT,Data Engineer,139500,hybrid,M
SE,FT,Data Engineer,109400,hybrid,M
MI,FT,Data Engineer,145000,hybrid,M
MI,FT,Data Engineer,120000,hybrid,M
SE,FT,Data Engineer,205600,hybrid,L
SE,FT,Data Engineer,105700,hybrid,L
SE,FT,Data Engineer,252000,hybrid,M
SE,FT,Data Engineer,129000,hybrid,M
SE,FT,Data Scientist,239748,hybrid,M
SE,FT,Data Scientist,159832,hybrid,M
SE,FT,Data Scientist,186300,fully remote,M
SE,FT,Data Scientist,102500,fully remote,M
SE,FT,Data Engineer,165000,hybrid,M
SE,FT,Data Engineer,132300,hybrid,M
SE,FT,Data Scientist,190000,hybrid,M
SE,FT,Data Scientist,126000,hybrid,M
SE,FT,Data Architect,149040,fully remote,M
SE,FT,Data Architect,113900,fully remote,M
SE,FT,Data Engineer,153600,fully remote,M
SE,FT,Data Engineer,106800,fully remote,M
SE,FT,Data Engineer,172600,fully remote,M
SE,FT,Data Engineer,107900,fully remote,M
SE,FT,Data Analyst,180180,hybrid,M
SE,FT,Data Analyst,106020,hybrid,M
SE,FT,Data Architect,376080,fully remote,M
SE,FT,Data Architect,213120,fully remote,M
SE,FT,Data Analyst,153600,hybrid,M
SE,FT,Data Analyst,100500,hybrid,M
SE,FT,Data Analyst,206500,fully remote,M
SE,FT,Data Analyst,121600,fully remote,M
SE,FT,Data Engineer,260000,hybrid,M
SE,FT,Data Engineer,225000,hybrid,M
EX,FT,Data Engineer,194500,hybrid,M
EX,FT,Data Engineer,115500,hybrid,M
SE,FT,Cloud Database Engineer,170000,fully remote,L
SE,FT,Applied Machine Learning Scientist,90000,fully remote,L
EN,FT,Data Analyst,95000,fully remote,M
EN,FT,Data Analyst,70000,fully remote,M
SE,FT,Data Engineer,275000,hybrid,M
SE,FT,Data Engineer,160000,hybrid,M
SE,FT,Data Analyst,115934,fully remote,M
SE,FT,Data Analyst,81666,fully remote,M
SE,FT,Data Scientist,175000,hybrid,M
SE,FT,Data Scientist,120000,hybrid,M
SE,FT,Machine Learning Engineer,150000,fully remote,M
SE,FT,Machine Learning Engineer,120000,fully remote,M
SE,FT,Research Engineer,200000,hybrid,M
SE,FT,Research Engineer,175000,hybrid,M
MI,FT,Data Analyst,206000,hybrid,M
MI,FT,Data Analyst,130000,hybrid,M
SE,FT,Data Analyst,110000,fully remote,M
SE,FT,Data Analyst,75000,fully remote,M
SE,FT,Analytics Engineer,130000,hybrid,M
SE,FT,Analytics Engineer,87000,hybrid,M
MI,FT,Data Analyst,160000,hybrid,M
MI,FT,Data Analyst,112000,hybrid,M
MI,FT,Data Engineer,162500,hybrid,M
MI,FT,Data Engineer,130000,hybrid,M
SE,FT,Data Science Manager,299500,hybrid,M
SE,FT,Data Science Manager,245100,hybrid,M
MI,FT,Data Scientist,145000,hybrid,M
MI,FT,Data Scientist,100000,hybrid,M
SE,FT,Data Engineer,147100,hybrid,M
SE,FT,Data Engineer,90700,hybrid,M
EN,FT,Data Engineer,115100,hybrid,M
EN,FT,Data Engineer,73900,hybrid,M
SE,FT,Data Engineer,168400,hybrid,M
SE,FT,Data Engineer,105200,hybrid,M
SE,FT,Data Scientist,210000,hybrid,M
SE,FT,Data Scientist,160000,hybrid,M
MI,FT,Data Scientist,145000,hybrid,M
MI,FT,Data Scientist,100000,hybrid,M
SE,FT,Applied Scientist,222200,hybrid,L
SE,FT,Applied Scientist,136000,hybrid,L
MI,FT,Data Analyst,100000,hybrid,M
MI,FT,Data Analyst,85000,hybrid,M
EX,FT,Data Scientist,200000,hybrid,M
EX,FT,Data Scientist,145000,hybrid,M
MI,FT,Data Engineer,140000,hybrid,M
MI,FT,Data Engineer,95000,hybrid,M
SE,FT,Data Analyst,185000,fully remote,M
SE,FT,Data Analyst,120250,fully remote,M
MI,FT,Financial Data Analyst,130000,fully remote,L
SE,FT,Data Scientist,205000,hybrid,M
SE,FT,Data Scientist,140000,hybrid,M
SE,FT,Data Scientist,297300,fully remote,M
SE,FT,Data Scientist,198200,fully remote,M
SE,FT,Research Scientist,141288,hybrid,M
SE,FT,Research Scientist,94192,hybrid,M
SE,FT,Data Infrastructure Engineer,184000,fully remote,M
SE,FT,Data Infrastructure Engineer,143000,fully remote,M
SE,FT,Data Analyst,70000,hybrid,M
SE,FT,Data Analyst,55000,hybrid,M
SE,FT,Analytics Engineer,275300,fully remote,M
SE,FT,Analytics Engineer,183500,fully remote,M
MI,FT,Data Analyst,75000,fully remote,M
MI,FT,Data Analyst,65000,fully remote,M
MI,FT,ML Engineer,160000,hybrid,M
MI,FT,ML Engineer,147000,hybrid,M
SE,FT,Data Architect,149040,fully remote,M
SE,FT,Data Architect,113900,fully remote,M
SE,FT,Data Analyst,180180,hybrid,M
SE,FT,Data Analyst,106020,hybrid,M
MI,FT,Machine Learning Engineer,250000,hybrid,M
MI,FT,Machine Learning Engineer,150000,hybrid,M
SE,FT,Data Engineer,139500,hybrid,M
SE,FT,Data Engineer,109400,hybrid,M
SE,FT,Data Scientist,105000,hybrid,M
SE,FT,Data Scientist,70000,hybrid,M
EX,FT,Data Engineer,210914,fully remote,M
EX,FT,Data Engineer,116704,fully remote,M
EN,FT,Research Scientist,150000,hybrid,M
EN,FT,Research Scientist,100000,hybrid,M
SE,FT,Data Engineer,146000,hybrid,M
SE,FT,Data Engineer,75000,hybrid,M
EN,FT,Data Analyst,75000,fully remote,M
EN,FT,Data Analyst,60000,fully remote,M
MI,FT,Analytics Engineer,185700,hybrid,M
MI,FT,Analytics Engineer,165000,hybrid,M
SE,FT,Data Engineer,160000,fully remote,M
SE,FT,Data Engineer,130000,fully remote,M
SE,FT,Data Analyst,169000,hybrid,M
SE,FT,Data Analyst,110600,hybrid,M
SE,FT,Data Operations Engineer,193000,fully remote,M
SE,FT,Data Operations Engineer,136850,fully remote,M
SE,FT,Machine Learning Engineer,139500,hybrid,M
SE,FT,Machine Learning Engineer,109400,hybrid,M
SE,FT,Data Engineer,276000,fully remote,M
SE,FT,Data Engineer,178500,fully remote,M
SE,FT,Data Engineer,252000,hybrid,M
SE,FT,Data Engineer,129000,hybrid,M
SE,FT,Data Engineer,163800,hybrid,M
SE,FT,Data Engineer,126000,hybrid,M
SE,FT,Analytics Engineer,170000,fully remote,M
SE,FT,Analytics Engineer,130000,fully remote,M
SE,FT,Machine Learning Engineer,247500,hybrid,M
SE,FT,Machine Learning Engineer,172200,hybrid,M
SE,FT,Data Scientist,239748,hybrid,M
SE,FT,Data Scientist,159832,hybrid,M
SE,FT,Machine Learning Engineer,163800,hybrid,M
SE,FT,Machine Learning Engineer,126000,hybrid,M
MI,FT,Data Scientist,128750,hybrid,M
MI,FT,Data Scientist,106250,hybrid,M
SE,FT,Data Engineer,252000,hybrid,M
SE,FT,Data Engineer,129000,hybrid,M
SE,FT,Data Science Manager,299500,hybrid,M
SE,FT,Data Science Manager,245100,hybrid,M
MI,FT,Data Analytics Manager,155000,hybrid,M
MI,FT,Data Analytics Manager,140000,hybrid,M
EX,FT,Data Engineer,167500,hybrid,M
EX,FT,Data Engineer,106500,hybrid,M
SE,FT,Data Architect,188500,fully remote,M
SE,FT,Data Architect,117000,fully remote,M
SE,FT,Data Analyst,250000,fully remote,M
SE,FT,Data Analyst,138000,fully remote,M
SE,FT,Data Engineer,140000,hybrid,M
SE,FT,Data Engineer,120000,hybrid,M
SE,FT,BI Analyst,160000,hybrid,M
SE,FT,BI Analyst,135000,hybrid,M
MI,FT,Data Science Manager,104500,hybrid,M
MI,FT,Data Science Manager,70000,hybrid,M
MI,FT,Data Science Consultant,90000,hybrid,M
MI,FT,Data Science Consultant,70000,hybrid,M
SE,FT,Data Engineer,153600,fully remote,M
SE,FT,Data Engineer,106800,fully remote,M
EN,FT,Data Engineer,125000,hybrid,M
EN,FT,Data Engineer,90000,hybrid,M
MI,FT,Research Scientist,185000,fully remote,M
MI,FT,Research Scientist,125000,fully remote,M
SE,FT,Data Analyst,127000,fully remote,M
SE,FT,Data Analyst,94000,fully remote,M
SE,FT,Data Scientist,210550,hybrid,M
SE,FT,Data Scientist,153300,hybrid,M
MI,FT,Data Scientist,200000,fully remote,M
MI,FT,Data Scientist,150000,fully remote,M
SE,FT,Data Analyst,161500,fully remote,M
SE,FT,Data Analyst,119500,fully remote,M
SE,FT,Data Analyst,175000,hybrid,M
SE,FT,Data Analyst,145000,hybrid,M
SE,FT,Data Scientist,175000,hybrid,M
SE,FT,Data Scientist,148750,hybrid,M
SE,FT,Data Analytics Specialist,105000,hybrid,M
SE,FT,Data Analytics Specialist,85000,hybrid,M
SE,FT,Research Scientist,215000,hybrid,M
SE,FT,Research Scientist,146300,hybrid,M
SE,FT,Machine Learning Engineer,153400,hybrid,M
SE,FT,Machine Learning Engineer,122700,hybrid,M
MI,FT,Data Engineer,260000,hybrid,M
MI,FT,Data Engineer,175000,hybrid,M
SE,FT,Data Scientist,186300,fully remote,M
SE,FT,Data Scientist,123900,fully remote,M
MI,FT,Research Scientist,340000,fully remote,M
MI,FT,Research Scientist,150000,fully remote,M
SE,FT,Machine Learning Engineer,153400,hybrid,M
SE,FT,Machine Learning Engineer,122700,hybrid,M
MI,FT,Data Engineer,250000,hybrid,M
MI,FT,Data Engineer,175000,hybrid,M
SE,FT,Data Analyst,185900,hybrid,M
SE,FT,Data Analyst,121700,hybrid,M
SE,FT,Data Analyst,153600,hybrid,M
SE,FT,Data Analyst,106800,hybrid,M
SE,FT,Machine Learning Engineer,247500,hybrid,M
SE,FT,Machine Learning Engineer,172200,hybrid,M
EX,FT,Data Engineer,310000,fully remote,M
EX,FT,Data Engineer,239000,fully remote,M
SE,FT,Data Analyst,125000,hybrid,M
SE,FT,Data Analyst,110000,hybrid,M
EN,FT,Data Analyst,150000,hybrid,M
EN,FT,Data Analyst,100000,hybrid,M
SE,FT,Data Scientist,149076,hybrid,M
SE,FT,Data Scientist,82365,hybrid,M
MI,FT,Data Engineer,146000,hybrid,M
MI,FT,Data Engineer,75000,hybrid,M
SE,FT,Machine Learning Engineer,139500,hybrid,M
SE,FT,Machine Learning Engineer,109400,hybrid,M
SE,FT,Data Engineer,139500,hybrid,M
SE,FT,Data Engineer,109400,hybrid,M
MI,FT,Data Engineer,149600,hybrid,M
MI,FT,Data Engineer,102000,hybrid,M
SE,FT,Data Engineer,252000,hybrid,M
SE,FT,Data Engineer,129000,hybrid,M
SE,FT,Data Analyst,95000,hybrid,M
SE,FT,Data Analyst,85500,hybrid,M
SE,FT,Data Analyst,185900,hybrid,M
SE,FT,Data Analyst,121700,hybrid,M
EN,FT,Research Scientist,150000,hybrid,M
EN,FT,Research Scientist,100000,hybrid,M
MI,FT,Data Engineer,145000,hybrid,M
MI,FT,Data Engineer,125000,hybrid,M
MI,FT,Data Scientist,150000,fully remote,M
MI,FT,Data Scientist,97750,fully remote,M
SE,FT,Data Scientist,201000,hybrid,M
SE,FT,Data Scientist,122000,hybrid,M
SE,FT,Data Engineer,252000,hybrid,M
SE,FT,Data Engineer,129000,hybrid,M
SE,FT,Data Analyst,120000,fully remote,M
SE,FT,Data Analyst,75000,fully remote,M
MI,FT,Data Scientist,116990,fully remote,M
MI,FT,Data Scientist,82920,fully remote,M
SE,FT,Data Scientist,185900,hybrid,M
SE,FT,Data Scientist,129300,hybrid,M
MI,FT,Machine Learning Scientist,200000,hybrid,S
MI,FT,Machine Learning Scientist,125000,hybrid,S
SE,FT,Data Scientist,201000,hybrid,M
SE,FT,Data Scientist,122000,hybrid,M
SE,FT,Machine Learning Engineer,204500,hybrid,M
SE,FT,Machine Learning Engineer,142200,hybrid,M
SE,FT,Data Manager,155000,hybrid,M
SE,FT,Data Manager,140000,hybrid,M
MI,FT,Machine Learning Infrastructure Engineer,205920,hybrid,M
MI,FT,Machine Learning Infrastructure Engineer,171600,hybrid,M
SE,FT,Data Engineer,121500,fully remote,M
SE,FT,Data Engineer,78000,fully remote,M
MI,FT,Data Engineer,154000,hybrid,M
MI,FT,Data Engineer,116000,hybrid,M
SE,FT,Data Scientist,190000,hybrid,M
SE,FT,Data Scientist,136000,hybrid,M
SE,FT,Data Analyst,180000,hybrid,M
SE,FT,Data Analyst,110000,hybrid,M
SE,FT,Data Scientist,275300,fully remote,M
SE,FT,Data Scientist,183000,fully remote,M
SE,FT,Data Engineer,170000,hybrid,M
SE,FT,Data Engineer,140000,hybrid,M
SE,FT,Data Engineer,154000,hybrid,M
SE,FT,Data Engineer,116000,hybrid,M
SE,FT,Data Engineer,160000,fully remote,M
SE,FT,Data Engineer,130000,fully remote,M
MI,FT,Data Engineer,200000,hybrid,M
MI,FT,Data Engineer,120000,hybrid,M
SE,FT,Data Scientist,175000,fully remote,M
SE,FT,Data Scientist,160000,fully remote,M
SE,FT,Data Engineer,153600,hybrid,M
SE,FT,Data Engineer,106800,hybrid,M
EN,FT,Data Analyst,85000,fully remote,M
EN,FT,Data Analyst,75000,fully remote,M
SE,FT,Data Scientist,225000,hybrid,M
SE,FT,Data Scientist,156400,hybrid,M
SE,FT,Analytics Engineer,150000,hybrid,M
SE,FT,Analytics Engineer,120000,hybrid,M
SE,FT,Machine Learning Engineer,163800,hybrid,M
SE,FT,Machine Learning Engineer,126000,hybrid,M
SE,FT,Data Analyst,145000,fully remote,M
SE,FT,Data Analyst,90000,fully remote,M
SE,FT,Machine Learning Engineer,204500,hybrid,M
SE,FT,Machine Learning Engineer,142200,hybrid,M
SE,FT,Data Analyst,95000,hybrid,M
SE,FT,Data Analyst,85500,hybrid,M
SE,FT,Data Engineer,167500,hybrid,M
SE,FT,Data Engineer,106500,hybrid,M
SE,FT,Data Engineer,163800,hybrid,M
SE,FT,Data Engineer,126000,hybrid,M
MI,FT,Data Analytics Manager,155000,hybrid,M
MI,FT,Data Analytics Manager,140000,hybrid,M
SE,FT,Research Scientist,250000,hybrid,M
SE,FT,Research Scientist,200000,hybrid,M
SE,FT,Data Scientist,260000,hybrid,M
SE,FT,Data Scientist,186000,hybrid,M
SE,FT,Data Engineer,160000,fully remote,M
SE,FT,Data Engineer,130000,fully remote,M
SE,FT,Research Scientist,200000,hybrid,M
SE,FT,Research Scientist,150000,hybrid,M
SE,FT,Data Scientist,150000,hybrid,M
SE,FT,Data Scientist,120000,hybrid,M
MI,FT,Research Scientist,185000,hybrid,M
MI,FT,Research Scientist,125000,hybrid,M
SE,FT,Data Analyst,175000,fully remote,M
SE,FT,Data Analyst,130000,fully remote,M
SE,FT,Data Analyst,122000,fully remote,M
SE,FT,Data Analyst,93800,fully remote,M
SE,FT,Data Analyst,165000,fully remote,M
SE,FT,Data Analyst,112000,fully remote,M
EN,FT,Computer Vision Engineer,220000,hybrid,M
SE,FT,Machine Learning Engineer,204500,hybrid,M
SE,FT,Machine Learning Engineer,142200,hybrid,M
MI,FT,Machine Learning Engineer,200000,hybrid,M
MI,FT,Machine Learning Engineer,175000,hybrid,M
SE,FT,Data Engineer,185900,hybrid,M
SE,FT,Data Engineer,129300,hybrid,M
SE,FT,Data Analyst,185900,hybrid,M
SE,FT,Data Analyst,121700,hybrid,M
SE,FT,Machine Learning Engineer,204500,hybrid,M
SE,FT,Machine Learning Engineer,142200,hybrid,M
SE,FT,Data Analyst,180180,hybrid,M
SE,FT,Data Analyst,106020,hybrid,M
SE,FT,Data Scientist,136000,fully remote,M
SE,FT,Data Scientist,104000,fully remote,M
SE,FT,Data Analyst,125000,hybrid,M
SE,FT,Data Analyst,110000,hybrid,M
SE,FT,Machine Learning Engineer,153400,hybrid,M
SE,FT,Machine Learning Engineer,122700,hybrid,M
EX,FT,Data Engineer,310000,fully remote,M
EX,FT,Data Engineer,239000,fully remote,M
SE,FT,Data Analyst,152380,hybrid,M
SE,FT,Data Analyst,121904,hybrid,M
SE,FT,Data Scientist,185900,hybrid,M
SE,FT,Data Scientist,129300,hybrid,M
SE,FT,Machine Learning Engineer,247500,hybrid,M
SE,FT,Machine Learning Engineer,172200,hybrid,M
SE,FT,Data Architect,168400,hybrid,M
SE,FT,Data Architect,105200,hybrid,M
SE,FT,Machine Learning Engineer,128280,hybrid,M
SE,FT,Machine Learning Engineer,106900,hybrid,M
MI,FT,Data Engineer,140000,hybrid,M
MI,FT,Data Engineer,100000,hybrid,M
SE,FT,Data Engineer,139500,hybrid,M
SE,FT,Data Engineer,109400,hybrid,M
SE,FT,Machine Learning Engineer,139500,hybrid,M
SE,FT,Machine Learning Engineer,109400,hybrid,M
SE,FT,Data Analyst,170500,fully remote,M
SE,FT,Data Analyst,85000,fully remote,M
SE,FT,Data Engineer,80000,hybrid,M
SE,FT,Data Engineer,65000,hybrid,M
SE,FT,Data Engineer,124740,hybrid,M
SE,FT,Data Engineer,65488,hybrid,M
SE,FT,Data Quality Analyst,72200,hybrid,M
SE,FT,Data Quality Analyst,64980,hybrid,M
SE,FT,Data Engineer,153600,hybrid,M
SE,FT,Data Engineer,106800,hybrid,M
SE,FT,Data Analyst,179975,fully remote,M
SE,FT,Data Analyst,86466,fully remote,M
SE,FT,Data Engineer,120000,hybrid,M
SE,FT,Data Engineer,90000,hybrid,M
SE,FT,Data Scientist,149076,hybrid,M
SE,FT,Data Scientist,82365,hybrid,M
SE,FT,Data Analyst,169000,hybrid,M
SE,FT,Data Analyst,110600,hybrid,M
SE,FT,Data Science Manager,175000,hybrid,M
SE,FT,Data Science Manager,120000,hybrid,M
SE,FT,Data Analyst,230000,hybrid,M
SE,FT,Data Analyst,180000,hybrid,M
SE,FT,Data Analyst,153600,hybrid,M
SE,FT,Data Analyst,106800,hybrid,M
SE,FT,Data Manager,140000,hybrid,M
SE,FT,Data Manager,120000,hybrid,M
SE,FT,Machine Learning Infrastructure Engineer,205920,hybrid,M
SE,FT,Machine Learning Infrastructure Engineer,171600,hybrid,M
SE,FT,Data Analyst,165000,fully remote,M
SE,FT,Data Analyst,125000,fully remote,M
SE,FT,Data Engineer,265000,hybrid,M
SE,FT,Data Engineer,185000,hybrid,M
MI,FT,Applied Machine Learning Engineer,130000,hybrid,M
SE,FT,Data Analyst,95000,hybrid,M
SE,FT,Data Analyst,85500,hybrid,M
SE,FT,Data Scientist,147100,hybrid,M
SE,FT,Data Scientist,90700,hybrid,M
SE,FT,Data Engineer,167580,hybrid,M
SE,FT,Data Engineer,87980,hybrid,M
SE,FT,Data Engineer,202000,fully remote,M
SE,FT,Data Engineer,135000,fully remote,M
SE,FT,Data Engineer,163800,hybrid,M
SE,FT,Data Engineer,126000,hybrid,M
SE,FT,Machine Learning Engineer,163800,hybrid,M
SE,FT,Machine Learning Engineer,126000,hybrid,M
SE,FT,Data Engineer,104000,fully remote,M
SE,FT,Data Engineer,65000,fully remote,M
SE,FT,Research Engineer,230000,hybrid,M
SE,FT,Research Engineer,148000,hybrid,M
SE,FT,Analytics Engineer,197000,hybrid,M
SE,FT,Analytics Engineer,106000,hybrid,M
MI,FT,Deep Learning Engineer,150000,fully remote,M
MI,FT,Deep Learning Engineer,100000,fully remote,M
SE,FT,Data Engineer,290000,fully remote,M
SE,FT,Data Engineer,210000,fully remote,M
SE,FT,Data Engineer,192000,hybrid,M
SE,FT,Data Engineer,172800,hybrid,M
SE,FT,Data Scientist,300240,hybrid,M
SE,FT,Data Scientist,200160,hybrid,M
SE,FT,Data Scientist,300240,hybrid,M
SE,FT,Data Scientist,200160,hybrid,M
SE,FT,Analytics Engineer,175000,hybrid,M
SE,FT,Analytics Engineer,140000,hybrid,M
SE,FT,Data Manager,169000,hybrid,M
SE,FT,Data Manager,100000,hybrid,M
SE,FT,Data Scientist,370000,hybrid,M
SE,FT,Data Scientist,245000,hybrid,M
SE,FT,Data Analyst,110000,fully remote,S
SE,FT,Data Analyst,80000,fully remote,S
EN,FT,Data Analyst,55000,hybrid,M
EN,FT,Data Analyst,48000,hybrid,M
SE,FT,Data Analyst,95000,hybrid,M
SE,FT,Data Analyst,85000,hybrid,M
SE,FT,Data Engineer,137500,fully remote,M
SE,FT,Data Engineer,81500,fully remote,M
SE,FT,Machine Learning Engineer,323300,hybrid,M
SE,FT,Machine Learning Engineer,184700,hybrid,M
SE,FT,Machine Learning Engineer,186000,fully remote,M
SE,FT,Machine Learning Engineer,153088,fully remote,M
MI,FT,Data Infrastructure Engineer,190000,fully remote,M
MI,FT,Data Infrastructure Engineer,160000,fully remote,M
SE,FT,Machine Learning Engineer,200000,fully remote,M
SE,FT,Machine Learning Engineer,150000,fully remote,M
MI,FT,Data Infrastructure Engineer,190000,hybrid,M
MI,FT,Data Infrastructure Engineer,183310,hybrid,M
SE,FT,Machine Learning Engineer,240000,fully remote,M
SE,FT,Machine Learning Engineer,180000,fully remote,M
SE,FT,Machine Learning Engineer,200000,fully remote,M
SE,FT,Machine Learning Engineer,150000,fully remote,M
SE,FT,Data Science Manager,299500,hybrid,M
SE,FT,Data Science Manager,245100,hybrid,M
SE,FT,Data Engineer,144000,fully remote,M
SE,FT,Data Engineer,66000,fully remote,M
MI,FT,Machine Learning Engineer,148500,hybrid,M
MI,FT,Machine Learning Engineer,126277,hybrid,M
SE,FT,Data Architect,228000,hybrid,M
SE,FT,Data Architect,120000,hybrid,M
SE,FT,Machine Learning Software Engineer,180000,hybrid,M
SE,FT,Machine Learning Software Engineer,90000,hybrid,M
SE,FT,Data Scientist,126500,hybrid,M
SE,FT,Data Scientist,78000,hybrid,M
SE,FT,Data Engineer,180000,hybrid,M
SE,FT,Data Engineer,160000,hybrid,M
SE,FT,Machine Learning Software Engineer,272000,hybrid,M
SE,FT,Machine Learning Software Engineer,170000,hybrid,M
MI,FT,Data Analyst,80000,hybrid,M
MI,FT,Data Analyst,60000,hybrid,M
SE,FT,Data Engineer,259000,fully remote,M
SE,FT,Data Engineer,146000,fully remote,M
SE,FT,Data Engineer,200000,hybrid,M
SE,FT,Data Engineer,160000,hybrid,M
EX,FT,Data Engineer,310000,fully remote,M
EX,FT,Data Engineer,239000,fully remote,M
SE,FT,Data Analyst,142000,fully remote,M
SE,FT,Data Analyst,95000,fully remote,M
SE,FT,Data Scientist,155000,hybrid,M
SE,FT,Data Scientist,139500,hybrid,M
MI,FT,Data Engineer,140000,fully remote,M
MI,FT,Data Engineer,120000,fully remote,M
SE,FT,Data Engineer,259000,fully remote,M
SE,FT,Data Engineer,146000,fully remote,M
SE,FT,Data Science Lead,247500,hybrid,M
SE,FT,Data Science Lead,172200,hybrid,M
SE,FT,Data Scientist,225000,hybrid,M
SE,FT,Data Scientist,156400,hybrid,M
SE,FT,Data Engineer,139500,hybrid,M
SE,FT,Data Engineer,109400,hybrid,M
MI,FT,Data Engineer,125000,hybrid,M
MI,FT,Data Engineer,90000,hybrid,M
SE,FT,Data Scientist,185900,hybrid,M
SE,FT,Data Scientist,129300,hybrid,M
SE,FT,Machine Learning Engineer,139500,hybrid,M
SE,FT,Machine Learning Engineer,109400,hybrid,M
SE,FT,Data Analyst,120000,fully remote,M
SE,FT,Data Analyst,75000,fully remote,M
SE,FT,Data Analyst,169000,hybrid,M
SE,FT,Data Analyst,110600,hybrid,M
SE,FT,Machine Learning Engineer,288000,fully remote,M
SE,FT,Machine Learning Engineer,140000,fully remote,M
SE,FT,Machine Learning Engineer,288000,fully remote,M
SE,FT,Machine Learning Engineer,140000,fully remote,M
MI,FT,Data Engineer,120000,hybrid,M
MI,FT,Data Engineer,90000,hybrid,M
SE,FT,Data Scientist,215050,fully remote,M
SE,FT,Data Scientist,156400,fully remote,M
SE,FT,Data Architect,198000,fully remote,M
SE,FT,Data Architect,114000,fully remote,M
EN,FT,Data Analyst,75000,fully remote,M
EN,FT,Data Analyst,60000,fully remote,M
SE,FT,Machine Learning Engineer,204500,hybrid,M
SE,FT,Machine Learning Engineer,142200,hybrid,M
SE,FT,Data Scientist,209300,fully remote,M
SE,FT,Data Scientist,182200,fully remote,M
SE,FT,Data Manager,140000,hybrid,M
SE,FT,Data Manager,120000,hybrid,M
SE,FT,Machine Learning Engineer,147100,hybrid,M
SE,FT,Machine Learning Engineer,90700,hybrid,M
SE,FT,Data Engineer,230000,hybrid,M
SE,FT,Data Engineer,170000,hybrid,M
SE,FT,Data Analyst,227000,hybrid,M
SE,FT,Data Analyst,108000,hybrid,M
SE,FT,Data Engineer,180000,fully remote,M
SE,FT,Data Engineer,160000,fully remote,M
SE,FT,Data Architect,180000,fully remote,M
SE,FT,Data Architect,160000,fully remote,M
SE,FT,Data Engineer,180000,hybrid,M
SE,FT,Data Engineer,130000,hybrid,M
EN,FT,Data Analyst,60000,fully remote,L
SE,FT,Data Engineer,226700,hybrid,M
SE,FT,Data Engineer,133300,hybrid,M
SE,FT,Data Engineer,252000,hybrid,M
SE,FT,Data Engineer,129000,hybrid,M
SE,FT,Data Analyst,80000,hybrid,M
SE,FT,Data Analyst,52500,hybrid,M
SE,FT,Data Engineer,250000,fully remote,M
SE,FT,Data Engineer,162500,fully remote,M
EN,FT,Data Analyst,85000,fully remote,M
EN,FT,Data Analyst,75000,fully remote,M
SE,FT,Data Analyst,153600,hybrid,M
SE,FT,Data Analyst,106800,hybrid,M
MI,FT,Data Analyst,165000,hybrid,M
MI,FT,Data Analyst,124000,hybrid,M
SE,FT,Data Analyst,115934,fully remote,M
SE,FT,Data Analyst,81666,fully remote,M
SE,FT,Data Engineer,167580,hybrid,M
SE,FT,Data Engineer,87980,hybrid,M
SE,FT,Data Engineer,250000,fully remote,M
SE,FT,Data Engineer,63000,fully remote,M
MI,FT,Data Scientist,170000,hybrid,M
MI,FT,Data Scientist,120000,hybrid,M
SE,FT,Data Engineer,124740,hybrid,M
SE,FT,Data Engineer,65488,hybrid,M
SE,FT,Data Engineer,213580,fully remote,M
SE,FT,Data Engineer,163625,fully remote,M
SE,FT,Machine Learning Engineer,220000,hybrid,M
SE,FT,Machine Learning Engineer,170000,hybrid,M
EX,FT,Data Engineer,235000,hybrid,M
EX,FT,Data Engineer,210000,hybrid,M
SE,FT,Data Architect,180000,fully remote,M
SE,FT,Data Architect,115000,fully remote,M
SE,FT,Data Architect,200000,fully remote,M
SE,FT,Data Architect,115000,fully remote,M
SE,FT,Data Science Manager,231250,fully remote,M
SE,FT,Data Science Manager,138750,fully remote,M
SE,FT,Machine Learning Engineer,284310,hybrid,M
SE,FT,Machine Learning Engineer,153090,hybrid,M
SE,FT,Data Engineer,160000,fully remote,M
SE,FT,Data Engineer,75000,fully remote,M
MI,FT,Data Analyst,125000,hybrid,M
MI,FT,Data Analyst,105000,hybrid,M
EN,FT,Data Analyst,55000,hybrid,M
EN,FT,Data Analyst,48000,hybrid,M
EN,FT,Data Analyst,100000,hybrid,M
SE,FT,Data Science Lead,225900,hybrid,M
SE,FT,Data Science Lead,156400,hybrid,M
SE,FT,Data Engineer,250000,fully remote,M
SE,FT,Data Engineer,162500,fully remote,M
SE,FT,Machine Learning Engineer,318300,fully remote,M
SE,FT,Machine Learning Engineer,188800,fully remote,M
SE,FT,Data Analyst,385000,hybrid,M
SE,FT,Data Analyst,60000,hybrid,M
MI,FT,Data Analyst,110000,fully remote,M
MI,FT,Data Analyst,95000,fully remote,M
SE,FT,Data Scientist,145000,fully remote,M
SE,FT,Data Scientist,135000,fully remote,M
SE,FT,Data Analyst,180180,hybrid,M
SE,FT,Data Analyst,106020,hybrid,M
SE,FT,Data Analyst,93919,fully remote,M
SE,FT,Data Analyst,51962,fully remote,M
SE,FT,Data Engineer,241871,hybrid,M
SE,FT,Data Engineer,133832,hybrid,M
SE,FT,Data Scientist,170000,fully remote,M
SE,FT,Data Scientist,90000,fully remote,M
EX,FT,Data Engineer,210914,fully remote,M
EX,FT,Data Engineer,116704,fully remote,M
SE,FT,Data Analyst,192500,fully remote,M
SE,FT,Data Analyst,140000,fully remote,M
SE,FT,Data Scientist,149076,hybrid,M
SE,FT,Data Scientist,82365,hybrid,M
SE,FT,Data Scientist,175000,hybrid,M
SE,FT,Data Scientist,148750,hybrid,M
SE,FT,Research Scientist,370000,hybrid,M
SE,FT,Research Scientist,200000,hybrid,M
SE,FT,Data Scientist,235000,fully remote,M
SE,FT,Data Scientist,185000,fully remote,M
SE,FT,Data Scientist,216100,hybrid,M
SE,FT,Data Scientist,140800,hybrid,M
EN,FT,Data Scientist,110000,hybrid,S
SE,FT,Data Engineer,128000,hybrid,M
SE,FT,Data Engineer,81500,hybrid,M
EX,FT,Data Engineer,284000,fully remote,M
EX,FT,Data Engineer,236000,fully remote,M
SE,FT,Research Engineer,155850,hybrid,M
SE,FT,Research Engineer,102544,hybrid,M
MI,FT,Data Scientist,151410,fully remote,M
MI,FT,Data Scientist,115360,fully remote,M
SE,FT,Data Scientist,250000,hybrid,M
SE,FT,Data Scientist,162500,hybrid,M
MI,FT,Research Scientist,85000,hybrid,M
MI,FT,Research Scientist,70000,hybrid,M
SE,FT,BI Developer,135000,fully remote,M
SE,FT,BI Developer,100000,fully remote,M
EX,FT,Data Analytics Manager,155000,hybrid,M
EX,FT,Data Analytics Manager,140000,hybrid,M
SE,FT,Machine Learning Engineer,204500,hybrid,M
SE,FT,Machine Learning Engineer,142200,hybrid,M
SE,FT,Data Engineer,226700,hybrid,M
SE,FT,Data Engineer,133300,hybrid,M
SE,FT,Data Scientist,225000,fully remote,M
SE,FT,Data Scientist,156400,fully remote,M
SE,FT,Data Engineer,163800,hybrid,M
SE,FT,Data Engineer,126000,hybrid,M
SE,FT,Machine Learning Engineer,163800,hybrid,M
SE,FT,Machine Learning Engineer,126000,hybrid,M
SE,FT,ML Engineer,220000,hybrid,M
SE,FT,ML Engineer,150000,hybrid,M
SE,FT,Data Engineer,145000,hybrid,M
SE,FT,Data Engineer,115000,hybrid,M
SE,FT,Data Analytics Manager,204500,hybrid,M
SE,FT,Data Analytics Manager,138900,hybrid,M
MI,FT,Data Engineer,162500,hybrid,M
MI,FT,Data Engineer,130000,hybrid,M
SE,FT,Data Engineer,150000,fully remote,M
SE,FT,Data Engineer,107000,fully remote,M
EX,FT,Data Engineer,175000,hybrid,M
EX,FT,Data Engineer,110000,hybrid,M
SE,FT,Data Engineer,226700,hybrid,M
SE,FT,Data Engineer,133300,hybrid,M
SE,FT,Data Engineer,252000,hybrid,M
SE,FT,Data Engineer,129000,hybrid,M
SE,FT,Machine Learning Engineer,150000,hybrid,M
SE,FT,Machine Learning Engineer,125000,hybrid,M
SE,FT,Data Engineer,252000,hybrid,M
SE,FT,Data Engineer,129000,hybrid,M
SE,FT,Data Scientist,225000,hybrid,M
SE,FT,Data Scientist,156400,hybrid,M
MI,FT,Machine Learning Engineer,110000,fully remote,L
SE,FT,Data Engineer,265000,fully remote,M
SE,FT,Data Engineer,182750,fully remote,M
MI,FT,Data Analyst,130000,hybrid,M
MI,FT,Data Analyst,100000,hybrid,M
SE,FT,Data Analyst,153600,hybrid,M
SE,FT,Data Analyst,106800,hybrid,M
SE,FT,Data Engineer,137500,hybrid,M
SE,FT,Data Engineer,81500,hybrid,M
EX,FT,Head of Data Science,314100,hybrid,M
EX,FT,Head of Data Science,195800,hybrid,M
SE,FT,Applied Scientist,205000,hybrid,M
SE,FT,Applied Scientist,180000,hybrid,M
SE,FT,Data Scientist,165000,fully remote,M
SE,FT,Data Scientist,144000,fully remote,M
EN,FT,BI Developer,160000,hybrid,M
EN,FT,BI Developer,100000,hybrid,M
EX,FT,Data Engineer,200000,hybrid,M
EX,FT,Data Engineer,145000,hybrid,M
MI,FT,Data Analyst,150000,hybrid,M
MI,FT,Data Analyst,100000,hybrid,M
SE,FT,Data Manager,199000,hybrid,M
SE,FT,Data Manager,112000,hybrid,M
SE,FT,Data Scientist,105000,hybrid,M
SE,FT,Data Scientist,70000,hybrid,M
SE,FT,Data Analyst,180180,hybrid,M
SE,FT,Data Analyst,106020,hybrid,M
EN,FT,Data Engineer,160000,hybrid,M
EN,FT,Data Engineer,135000,hybrid,M
SE,FT,Data Scientist,183000,hybrid,M
SE,FT,Data Scientist,134000,hybrid,M
SE,FT,Machine Learning Engineer,220000,hybrid,M
SE,FT,Machine Learning Engineer,150000,hybrid,M
SE,FT,Applied Scientist,350000,hybrid,L
SE,FT,Applied Scientist,262500,hybrid,L
SE,FT,Data Analyst,122000,hybrid,M
SE,FT,Data Analyst,94000,hybrid,M
SE,FT,Machine Learning Engineer,276000,hybrid,M
SE,FT,Machine Learning Engineer,184000,hybrid,M
EX,FT,Data Engineer,310000,fully remote,M
EX,FT,Data Engineer,239000,fully remote,M
SE,FT,Data Scientist,225000,fully remote,M
SE,FT,Data Scientist,156400,fully remote,M
MI,FT,Machine Learning Engineer,180000,fully remote,M
MI,FT,Machine Learning Engineer,150000,fully remote,M
SE,FT,Data Scientist,228000,hybrid,M
SE,FT,Data Scientist,152000,hybrid,M
SE,FT,Data Scientist,209450,fully remote,M
SE,FT,Data Scientist,158677,fully remote,M
SE,FT,Data Analyst,175000,hybrid,M
SE,FT,Data Analyst,145000,hybrid,M
SE,FT,Data Engineer,240000,hybrid,M
SE,FT,Data Engineer,170000,hybrid,M
MI,FT,Data Analyst,103200,hybrid,M
MI,FT,Data Analyst,61200,hybrid,M
SE,FT,Data Scientist,237000,fully remote,M
SE,FT,Data Scientist,145000,fully remote,M
SE,FT,Data Scientist,240000,fully remote,M
SE,FT,Data Scientist,139000,fully remote,M
SE,FT,Data Architect,174500,hybrid,M
SE,FT,Data Architect,113000,hybrid,M
SE,FT,Data Analyst,130000,fully remote,M
SE,FT,Data Analyst,87000,fully remote,M
SE,FT,Data Analyst,160000,fully remote,M
SE,FT,Data Analyst,108000,fully remote,M
SE,FT,Data Engineer,165000,fully remote,M
SE,FT,Data Engineer,107250,fully remote,M
SE,FT,Data Engineer,300000,hybrid,M
SE,FT,Data Engineer,119000,hybrid,M
SE,FT,Data Scientist,285800,fully remote,M
SE,FT,Data Scientist,154600,fully remote,M
MI,FT,Data Science Manager,220000,hybrid,M
MI,FT,Data Science Manager,195000,hybrid,M
SE,FT,Data Manager,168400,hybrid,M
SE,FT,Data Manager,105200,hybrid,M
MI,FT,Data Analyst,206000,hybrid,M
MI,FT,Data Analyst,160000,hybrid,M
SE,FT,Analytics Engineer,200000,fully remote,M
SE,FT,Analytics Engineer,175000,fully remote,M
SE,FT,Analytics Engineer,231250,fully remote,M
SE,FT,Analytics Engineer,138750,fully remote,M
SE,FT,Data Engineer,240500,hybrid,L
SE,FT,Data Engineer,123700,hybrid,L
SE,FT,Data Engineer,160000,fully remote,M
SE,FT,Data Engineer,90000,fully remote,M
EN,FT,Data Scientist,124234,hybrid,M
EN,FT,Data Scientist,74540,hybrid,M
MI,FT,Data Analyst,109000,hybrid,M
MI,FT,Data Analyst,79000,hybrid,M
SE,FT,Data Scientist,275300,fully remote,M
SE,FT,Data Scientist,183500,fully remote,M
SE,FT,Data Scientist,275300,fully remote,M
SE,FT,Data Scientist,183500,fully remote,M
SE,FT,Data Analyst,160000,fully remote,M
SE,FT,Data Analyst,125600,fully remote,M
SE,FT,Data Engineer,170000,hybrid,M
SE,FT,Data Engineer,120000,hybrid,M
SE,FT,Data Engineer,225000,hybrid,M
SE,FT,Data Engineer,140000,hybrid,M
SE,FT,Data Analyst,141290,hybrid,M
SE,FT,Data Analyst,74178,hybrid,M
SE,FT,Data Scientist,150000,hybrid,M
SE,FT,Data Scientist,120000,hybrid,M
SE,FT,Data Engineer,85000,fully remote,M
SE,FT,Data Engineer,75000,fully remote,M
SE,FT,Data Engineer,220000,hybrid,M
SE,FT,Data Engineer,160000,hybrid,M
SE,FT,Data Engineer,205600,fully remote,M
SE,FT,Data Engineer,107500,fully remote,M
MI,FT,Data Engineer,120000,hybrid,M
MI,FT,Data Engineer,95000,hybrid,M
SE,FT,Data Engineer,185900,hybrid,M
SE,FT,Data Engineer,129300,hybrid,M
SE,FT,Data Engineer,160000,fully remote,M
SE,FT,Data Engineer,130000,fully remote,M
MI,FT,Data Engineer,250000,hybrid,M
MI,FT,Data Engineer,175000,hybrid,M
SE,FT,Data Scientist,136000,fully remote,M
SE,FT,Data Scientist,104000,fully remote,M
MI,FT,Data Analyst,80000,hybrid,M
MI,FT,Data Analyst,52500,hybrid,M
SE,FT,Data Scientist,110000,fully remote,M
SE,FT,Data Scientist,84000,fully remote,M
SE,FT,BI Analyst,125000,hybrid,M
SE,FT,BI Analyst,110000,hybrid,M
MI,FT,Data Analyst,90000,hybrid,M
MI,FT,Data Analyst,80000,hybrid,M
SE,FT,ML Engineer,200000,hybrid,M
SE,FT,ML Engineer,135000,hybrid,M
SE,FT,Data Engineer,130000,hybrid,M
SE,FT,Data Engineer,75000,hybrid,M
SE,FT,Data Engineer,252000,hybrid,M
SE,FT,Data Engineer,129000,hybrid,M
MI,FT,Data Analyst,150000,hybrid,M
MI,FT,Data Analyst,100000,hybrid,M
SE,FT,Data Engineer,226700,hybrid,M
SE,FT,Data Engineer,133300,hybrid,M
SE,FT,Data Scientist,190000,hybrid,M
SE,FT,Data Scientist,165000,hybrid,M
SE,FT,Data Engineer,170000,fully remote,M
SE,FT,Data Engineer,150000,fully remote,M
MI,FT,Data Engineer,150000,hybrid,M
MI,FT,Data Engineer,130000,hybrid,M
SE,FT,Data Scientist,225000,hybrid,M
SE,FT,Data Scientist,156400,hybrid,M
SE,FT,Computer Vision Engineer,200000,fully remote,S
SE,FT,Data Scientist,257000,hybrid,M
SE,FT,Data Scientist,134000,hybrid,M
SE,FT,Data Engineer,205600,hybrid,L
SE,FT,Data Engineer,105700,hybrid,L
SE,FT,BI Developer,140000,fully remote,M
SE,FT,BI Developer,110000,fully remote,M
SE,FT,Data Science Manager,299500,hybrid,M
SE,FT,Data Science Manager,245100,hybrid,M
SE,FT,Research Scientist,210000,hybrid,M
SE,FT,Research Scientist,151800,hybrid,M
EN,FT,Data Engineer,160000,hybrid,M
EN,FT,Data Engineer,135000,hybrid,M
MI,FT,Data Engineer,120000,fully remote,M
MI,FT,Data Engineer,95000,fully remote,M
SE,FT,Data Engineer,250000,fully remote,M
SE,FT,Data Engineer,63000,fully remote,M
SE,FT,Data Scientist,237000,fully remote,M
SE,FT,Data Scientist,145000,fully remote,M
SE,FT,Data Scientist,130000,fully remote,M
SE,FT,Data Scientist,90000,fully remote,M
MI,FT,Data Analyst,120000,fully remote,M
MI,FT,Data Analyst,100000,fully remote,M
SE,FT,Data Architect,174500,hybrid,M
SE,FT,Data Architect,113000,hybrid,M
MI,FT,Data Scientist,183310,hybrid,M
MI,FT,Data Scientist,183310,hybrid,M
SE,FT,Data Analyst,145000,fully remote,M
SE,FT,Data Analyst,102500,fully remote,M
SE,FT,Data Scientist,210000,hybrid,M
SE,FT,Data Scientist,185000,hybrid,M
SE,FT,Data Architect,174500,hybrid,M
SE,FT,Data Architect,113000,hybrid,M
SE,FT,Data Science Consultant,122000,hybrid,M
SE,FT,Data Science Consultant,94000,hybrid,M
SE,FT,Data Scientist,220000,hybrid,M
SE,FT,Data Scientist,146000,hybrid,M
SE,FT,Data Engineer,300000,hybrid,M
SE,FT,Data Engineer,130000,hybrid,M
SE,FT,Data Science Consultant,145000,hybrid,M
SE,FT,Data Science Consultant,128000,hybrid,M
SE,FT,Data Scientist,182000,hybrid,M
SE,FT,Data Scientist,140000,hybrid,M
SE,FT,Data Engineer,122000,hybrid,M
SE,FT,Data Engineer,94000,hybrid,M
EX,FT,Data Scientist,300000,hybrid,M
EX,FT,Data Scientist,200000,hybrid,M
MI,FT,Data Analyst,135000,hybrid,M
MI,FT,Data Analyst,105500,hybrid,M
SE,FT,Data Engineer,252000,hybrid,M
SE,FT,Data Engineer,129000,hybrid,M
SE,FT,Data Scientist,136000,fully remote,M
SE,FT,Data Scientist,104000,fully remote,M
SE,FT,Data Scientist,168000,fully remote,M
SE,FT,Data Scientist,130000,fully remote,M
MI,FT,Data Engineer,120000,hybrid,M
MI,FT,Data Engineer,95000,hybrid,M
SE,FT,Data Scientist,153400,hybrid,M
SE,FT,Data Scientist,122700,hybrid,M
SE,FT,Data Scientist,185000,hybrid,M
SE,FT,Data Scientist,160000,hybrid,M
SE,FT,Data Scientist,205000,fully remote,M
SE,FT,Data Scientist,185000,fully remote,M
SE,FT,Machine Learning Engineer,204500,hybrid,M
SE,FT,Machine Learning Engineer,142200,hybrid,M
MI,FT,Machine Learning Engineer,145000,hybrid,M
MI,FT,Machine Learning Engineer,87000,hybrid,M
SE,FT,ML Engineer,234100,fully remote,M
SE,FT,ML Engineer,203500,fully remote,M
SE,FT,Data Scientist,223800,hybrid,M
SE,FT,Data Scientist,172100,hybrid,M
SE,FT,Data Scientist,180000,hybrid,M
SE,FT,Data Scientist,150000,hybrid,M
SE,FT,Data Engineer,232200,fully remote,M
SE,FT,Data Engineer,167200,fully remote,M
SE,FT,BI Developer,197000,hybrid,M
SE,FT,BI Developer,106000,hybrid,M
SE,FT,Research Scientist,180000,hybrid,M
SE,FT,Research Scientist,145000,hybrid,M
SE,FT,Data Lead,225000,hybrid,M
SE,FT,Data Lead,200000,hybrid,M
SE,FT,Data Engineer,170000,fully remote,M
SE,FT,Data Engineer,114000,fully remote,M
SE,FT,Data Engineer,291500,hybrid,M
SE,FT,Data Engineer,180000,hybrid,M
EX,FT,Data Engineer,196200,hybrid,M
EX,FT,Data Engineer,150900,hybrid,M
SE,FT,Data Scientist,168400,hybrid,M
SE,FT,Data Scientist,105200,hybrid,M
MI,FT,Data Analyst,116000,hybrid,M
MI,FT,Data Analyst,72000,hybrid,M
SE,FT,Analytics Engineer,207000,hybrid,M
SE,FT,Analytics Engineer,167000,hybrid,M
SE,FT,Machine Learning Engineer,145000,hybrid,M
SE,FT,Machine Learning Engineer,135000,hybrid,M
MI,FT,Data Engineer,105000,hybrid,M
MI,FT,Data Engineer,70000,hybrid,M
SE,FT,Data Architect,180000,fully remote,M
SE,FT,Data Architect,115000,fully remote,M
SE,FT,Data Engineer,133800,fully remote,M
SE,FT,Data Engineer,96100,fully remote,M
MI,FT,Data Analyst,120000,hybrid,M
MI,FT,Data Analyst,80000,hybrid,M
SE,FT,Data Science Engineer,140000,hybrid,M
SE,FT,Data Science Engineer,100000,hybrid,M
SE,FT,Research Scientist,150000,hybrid,M
SE,FT,Research Scientist,120000,hybrid,M
SE,FT,Cloud Database Engineer,140000,fully remote,M
SE,FT,Cloud Database Engineer,115000,fully remote,M
SE,FT,Data Science Manager,297300,fully remote,M
SE,FT,Data Science Manager,198200,fully remote,M
SE,FT,Data Scientist,297300,fully remote,M
SE,FT,Data Scientist,198200,fully remote,M
SE,FT,Data Engineer,202000,fully remote,M
SE,FT,Data Engineer,135000,fully remote,M
SE,FT,Data Scientist,110000,fully remote,M
SE,FT,Data Scientist,84000,fully remote,M
MI,FT,Machine Learning Engineer,219000,hybrid,L
SE,FT,Applied Scientist,230000,fully remote,M
SE,FT,Applied Scientist,196000,fully remote,M
SE,FT,BI Developer,140000,fully remote,M
SE,FT,BI Developer,110000,fully remote,M
MI,FT,Data Analyst,150000,hybrid,M
MI,FT,Data Analyst,100000,hybrid,M
SE,FT,Data Engineer,160000,hybrid,M
SE,FT,Data Engineer,110000,hybrid,M
SE,FT,Data Scientist,185900,hybrid,M
SE,FT,Data Scientist,129300,hybrid,M
SE,FT,Applied Scientist,126100,hybrid,L
SE,FT,Applied Scientist,72000,hybrid,L
SE,FT,Data Engineer,170000,fully remote,M
SE,FT,Data Engineer,150000,fully remote,M
MI,FT,Machine Learning Engineer,175000,fully remote,M
MI,FT,Machine Learning Engineer,140000,fully remote,M
SE,FT,Data Analyst,240500,hybrid,M
SE,FT,Data Analyst,137500,hybrid,M
MI,FT,Data Scientist,187500,hybrid,M
MI,FT,Data Scientist,165000,hybrid,M
SE,FT,Research Scientist,210000,hybrid,M
SE,FT,Research Scientist,165750,hybrid,M
SE,FT,Machine Learning Scientist,225000,fully remote,M
SE,FT,Machine Learning Scientist,165750,fully remote,M
SE,FT,Data Scientist,135000,fully remote,M
SE,FT,Data Scientist,115000,fully remote,M
SE,FT,NLP Engineer,275000,hybrid,M
SE,FT,NLP Engineer,175000,hybrid,M
SE,FT,Data Scientist,170000,fully remote,M
SE,FT,Data Scientist,140000,fully remote,M
SE,FT,Data Engineer,175308,hybrid,M
SE,FT,Data Engineer,100706,hybrid,M
SE,FT,NLP Engineer,235000,hybrid,M
SE,FT,NLP Engineer,135000,hybrid,M
SE,FT,Data Engineer,310000,hybrid,M
SE,FT,Data Engineer,229000,hybrid,M
SE,FT,ML Engineer,289076,hybrid,M
SE,FT,ML Engineer,202353,hybrid,M
MI,FT,Research Engineer,120000,fully remote,M
MI,FT,Research Engineer,100000,fully remote,M
SE,FT,Data Engineer,226700,hybrid,M
SE,FT,Data Engineer,133300,hybrid,M
SE,FT,Data Analyst,125000,hybrid,M
SE,FT,Data Analyst,85000,hybrid,M
SE,FT,Data Analyst,130000,fully remote,M
SE,FT,Data Analyst,80000,fully remote,M
MI,FT,Data Engineer,120000,hybrid,M
MI,FT,Data Engineer,100000,hybrid,M
SE,FT,Data Engineer,231250,fully remote,M
SE,FT,Data Engineer,138750,fully remote,M
SE,FT,Data Engineer,199000,hybrid,M
SE,FT,Data Engineer,162000,hybrid,M
EN,FT,Data Engineer,160000,hybrid,M
EN,FT,Data Engineer,135000,hybrid,M
SE,FT,Research Scientist,200000,hybrid,M
SE,FT,Research Scientist,150000,hybrid,M
EN,FT,Research Engineer,160000,hybrid,M
EN,FT,Research Engineer,120000,hybrid,M
SE,FT,Research Scientist,250000,hybrid,M
SE,FT,Research Scientist,200000,hybrid,M
EN,FT,Deep Learning Engineer,150000,hybrid,M
EN,FT,Deep Learning Engineer,120000,hybrid,M
SE,FT,Research Engineer,150000,hybrid,M
SE,FT,Research Engineer,100000,hybrid,M
SE,FT,Data Scientist,272550,hybrid,M
SE,FT,Data Scientist,198200,hybrid,M
SE,FT,Data Scientist,182000,hybrid,M
SE,FT,Data Scientist,140000,hybrid,M
SE,FT,Data Engineer,200000,hybrid,M
SE,FT,Data Engineer,160000,hybrid,M
SE,FT,Machine Learning Engineer,204500,hybrid,M
SE,FT,Machine Learning Engineer,142200,hybrid,M
MI,FT,Data Scientist,120000,hybrid,M
MI,FT,Data Scientist,105000,hybrid,M
SE,FT,Data Engineer,187500,fully remote,M
SE,FT,Data Engineer,175000,fully remote,M
SE,FT,Machine Learning Engineer,204500,hybrid,M
SE,FT,Machine Learning Engineer,142200,hybrid,M
SE,FT,Data Analyst,155000,fully remote,M
SE,FT,Data Analyst,64000,fully remote,M
SE,FT,Computer Vision Engineer,235000,hybrid,M
SE,FT,Computer Vision Engineer,185000,hybrid,M
SE,FT,Data Architect,174500,hybrid,M
SE,FT,Data Architect,113000,hybrid,M
SE,FT,Applied Scientist,184000,fully remote,M
SE,FT,Applied Scientist,142000,fully remote,M
SE,FT,Data Scientist,140000,hybrid,M
SE,FT,Data Scientist,120000,hybrid,M
SE,FT,Data Architect,174500,hybrid,M
SE,FT,Data Architect,113000,hybrid,M
SE,FT,Data Scientist,180560,hybrid,M
SE,FT,Data Scientist,115440,hybrid,M
SE,FT,Data Scientist,140000,hybrid,M
SE,FT,Data Scientist,120000,hybrid,M
SE,FT,Research Scientist,248100,hybrid,M
SE,FT,Research Scientist,145900,hybrid,M
SE,FT,Data Engineer,291500,hybrid,M
SE,FT,Data Engineer,180000,hybrid,M
SE,FT,Data Engineer,161800,hybrid,M
SE,FT,Data Engineer,141600,hybrid,M
SE,FT,Data Engineer,166000,fully remote,M
SE,FT,Data Engineer,128000,fully remote,M
SE,FT,Data Architect,170000,fully remote,M
SE,FT,Data Architect,110000,fully remote,M
SE,FT,Data Engineer,160000,fully remote,M
SE,FT,Data Engineer,75000,fully remote,M
SE,FT,Data Engineer,236000,fully remote,M
SE,FT,Data Engineer,182000,fully remote,M
MI,FT,Data Analyst,150000,hybrid,M
MI,FT,Data Analyst,100000,hybrid,M
SE,FT,Machine Learning Engineer,261500,hybrid,L
SE,FT,Machine Learning Engineer,134500,hybrid,L
MI,FT,Data Scientist,130000,hybrid,M
MI,FT,Data Scientist,90000,hybrid,M
EN,FT,Data Engineer,160000,hybrid,M
EN,FT,Data Engineer,135000,hybrid,M
